"Symbol","Name","Latest","%Change","50D MA","20D MA","200D MA","150D MA","RSI Rank","52W %/High","20D RelVol","Volume","14D Rel Str","Wtd Alpha"
"A","Agilent Technologies",129.84,"+0.22%",120.16,126.06,130.36,129,"Above 50","-18.99%","0.84",2288111,"56.47","+8.60"
"AAPL","Apple Inc",291.13,"-1.52%",285.49,303.88,266.87,272.24,"Below 50","-8.28%","0.76",38480797,"44.05","+42.44"
"ABBV","Abbvie Inc",227.73,"+1.32%",210.8,218.23,220.35,219.56,"Above 50","-6.98%","0.77",4050419,"66.02","+17.15"
"ABNB","Airbnb Inc Cl A",132.28,"+1.08%",135.37,133.21,128.93,130.49,"Below 50","-10.17%","0.70",2611039,"46.61","-0.38"
"ABT","Abbott Laboratories",88.18,"-1.64%",91.22,88.07,114.49,108.98,"New Below 50","-36.59%","1.14",13704625,"46.64","-38.01"
"ACGL","Arch Capital Grp Ltd",91.66,"+0.58%",94.34,92.01,93.38,94.67,"Below 50","-11.35%","0.77",1987348,"48.14","-0.69"
"ACN","Accenture Plc",170.28,"+1.65%",181.33,177.59,228.18,222.19,"Below 50","-46.34%","0.81",4038317,"42.38","-46.82"
"ADBE","Adobe Systems Inc",204.02,"-6.76%",244.89,246.06,298.34,281.34,"New Below 30","-49.62%","3.57",24985047,"29.38","-52.08"
"ADI","Analog Devices",417.79,"+1.37%",393.34,411.21,307.1,328.57,"Above 50","-4.98%","0.57",2982411,"54.32","+94.30"
"ADM","Archer Daniels Midland",80.24,"+1.70%",76.09,80.23,66.48,68.16,"New Above 50","-6.01%","0.58",2033279,"53.18","+55.67"
"ADP","Automatic Data Processing",226.21,"+0.19%",212.5,225.04,244.64,230.56,"Above 50","-28.41%","0.83",2189770,"55.02","-24.22"
"ADSK","Autodesk Inc",198.43,"-3.47%",235.81,232.45,271.88,258.03,"New Below 30","-39.70%","2.01",5593777,"28.19","-38.76"
"AEE","Ameren Corp",109,"+0.69%",110.15,108.36,105.56,106.7,"New Above 50","-5.70%","0.74",1331526,"50.68","+12.11"
"AEP","American Electric Power",129.23,"+0.58%",131.43,128.08,122.55,125.59,"New Above 50","-7.32%","0.84",4155052,"50.45","+22.28"
"AES","The Aes Corp",14.68,"+0.07%",14.51,14.66,14.31,14.51,"Above 50","-16.83%","0.64",5947708,"57.40","+22.23"
"AFL","Aflac Inc",117.8,"+1.16%",114.66,115.97,111.25,112.09,"Above 50","-1.68%","0.93",2514655,"57.78","+15.46"
"AIG","American International Group",75.74,"+0.56%",76.17,75.48,77.81,77.29,"New Above 50","-13.23%","0.68",2533445,"51.61","-9.53"
"AIZ","Assurant Inc",260.99,"+0.96%",239.79,253.74,227.59,232.26,"Above 50","-0.04%","0.57",243665,"66.65","+34.64"
"AJG","Arthur J. Gallagher & Company",218.69,"-1.00%",210.81,208.38,244.93,229.39,"Above 50","-33.19%","1.02",1779424,"60.69","-29.17"
"AKAM","Akamai Technologies",133.5,"+0.79%",125.32,146.2,98.05,105.43,"Below 50","-19.31%","0.50",2660148,"45.21","+51.88"
"ALB","Albemarle Corp",170.42,"+7.14%",182,167.67,144.51,163.42,"Below 50","-22.89%","1.44",3139593,"49.42","+145.46"
"ALGN","Align Technology",174.84,"-0.95%",173.31,167.1,159.42,168.26,"Above 50","-16.07%","0.54",574465,"54.42","+19.74"
"ALL","Allstate Corp",221.63,"+0.94%",214.9,215.34,207.31,209.08,"Above 50","-2.63%","0.60",1018415,"57.48","+13.06"
"ALLE","Allegion Plc",133.97,"+0.19%",135.99,130.07,157.58,152.27,"Above 50","-26.84%","0.81",789296,"53.93","-10.56"
"AMAT","Applied Materials",567.25,"+2.64%",427.21,467.92,309.24,344.77,"Above 70","-0.47%","0.93",8027259,"74.01","+246.71"
"AMCR","Amcor Plc",40.6,"+1.70%",39.21,38.38,41.66,41.94,"Above 50","-20.30%","0.76",2872618,"59.36","-10.47"
"AMD","Adv Micro Devices",511.57,"+4.73%",386.78,481.97,253.93,273.03,"Above 50","-6.38%","0.99",31491693,"60.45","+295.12"
"AME","Ametek Inc",227.12,"+0.40%",229.27,225.99,210.93,218.74,"Below 50","-6.60%","1.23",1422098,"49.80","+26.41"
"AMGN","Amgen Inc",355.2,"+0.32%",340.31,338.15,330.73,344.74,"Above 50","-9.22%","1.01",2698866,"61.93","+20.41"
"AMP","Ameriprise Financial Services",459.13,"+1.94%",457.98,452.58,475.26,471.28,"New Above 50","-16.55%","1.03",643195,"53.96","-8.81"
"AMT","American Tower Corp",187.18,"-1.13%",181.11,185.92,182.74,179.98,"Above 50","-20.12%","0.91",2941113,"52.95","-9.30"
"AMZN","Amazon.com Inc",238.55,"-1.23%",254.77,257.25,232.51,234.4,"Below 50","-14.36%","1.22",50991270,"34.76","+10.35"
"ANET","Arista Networks Inc",163.24,"+4.37%",155.73,155.8,141.52,139.8,"Above 50","-9.21%","0.67",6024696,"55.54","+66.50"
"AON","AON Plc",335.31,"+0.04%",322.21,323.93,338.73,333.27,"Above 50","-11.99%","0.88",1343937,"62.68","-4.62"
"AOS","Smith A.O. Corp",59.08,"+0.72%",60.65,57.27,67.8,66.83,"Above 50","-27.83%","1.02",1646642,"52.54","-13.75"
"APA","Apa Corp",37.02,"+0.65%",38.34,37.92,29.57,31.64,"Below 50","-18.92%","0.79",4174382,"46.98","+78.44"
"APD","Air Products and Chemicals",281.62,"+1.26%",293.01,284.43,274.2,275.46,"Below 50","-8.55%","1.05",1235640,"44.05","+1.51"
"APH","Amphenol Corp",153.8,"+0.88%",140.18,140.16,135.53,139.38,"Above 50","-7.93%","0.70",7653158,"61.26","+57.82"
"APO","Apollo Asset Management",133.88,"-0.02%",125.47,130.28,128.71,127.91,"Above 50","-14.88%","0.71",2310424,"59.47","+2.73"
"APP","Applovin Corp Cl A",496.77,"+3.80%",484.22,533.71,541.85,522.81,"Below 50","-33.37%","0.91",4331196,"45.47","+10.18"
"APTV","Aptiv Plc",68.05,"+0.13%",60.87,63.99,74.67,71.7,"Above 50","-23.48%","0.47",1965849,"56.43","-4.09"
"ARE","Alexandria Real Estate Equities",53.17,"+0.76%",46.96,49.91,57,50.03,"Above 50","-39.74%","0.66",1352594,"61.66","-18.94"
"ARES","Ares Management LP",134.9,"+1.57%",120.07,126.74,142.04,135.31,"Above 50","-30.91%","0.65",1499228,"63.24","-17.30"
"ATO","Atmos Energy Corp",169.96,"+1.03%",180.59,172.27,175.17,176.8,"Below 50","-11.71%","0.78",1540742,"40.15","+6.06"
"AVB","Avalonbay Communities",187.03,"+1.45%",180.24,185.35,180.47,177.67,"Above 50","-10.88%","0.90",1046416,"56.14","-4.82"
"AVGO","Broadcom Ltd",382.07,"-0.91%",406.45,418.73,358.1,363.14,"Below 50","-22.81%","0.81",25528023,"41.40","+43.13"
"AVY","Avery Dennison Corp",159.25,"+0.31%",162.95,157.4,172.83,174.79,"New Above 50","-20.19%","1.19",849787,"50.19","-11.60"
"AWK","American Water Works",126.31,"+1.49%",128.33,123.93,132.49,130.53,"New Above 50","-14.58%","1.14",2360720,"52.26","-11.20"
"AXON","Axon Enterprise",441.73,"-1.00%",410.29,436.47,551.07,492.48,"Above 50","-50.14%","0.62",719288,"51.38","-45.08"
"AXP","American Express Company",325.44,"+2.18%",316.29,312.87,337.22,336.95,"Above 50","-16.01%","0.78",2220739,"60.26","+7.57"
"AZO","Autozone",3116.3,"+1.13%",3371.79,3159.91,3669.25,3534.47,"Below 50","-28.98%","0.39",142009,"42.52","-20.19"
"BA","Boeing Company",219.05,"-1.16%",223.15,219.28,218.83,219.04,"New Below 50","-13.88%","0.82",5522897,"48.77","+5.74"
"BAC","Bank of America Corp",56.02,"+1.56%",52.37,52.48,52.11,52.41,"New Above 70","-2.66%","0.76",29913840,"71.65","+25.31"
"BALL","Ball Corporation",56.98,"+1.14%",58.53,55.02,55.25,57.22,"Above 50","-16.56%","0.77",2304932,"55.12","+4.29"
"BAX","Baxter International",20.86,"+1.81%",18.21,19.12,19.77,18.77,"New Above 70","-34.31%","1.09",7519179,"70.71","-18.24"
"BBY","Best Buy Company",78.53,"+1.85%",64.33,69.01,69.84,67.36,"Above 70","-7.60%","0.54",2907470,"72.96","+9.56"
"BDX","Becton Dickinson and Company",146.24,"-0.75%",149.88,147.18,154.21,156.5,"Below 50","-21.94%","0.76",1965780,"45.68","+2.30"
"BEN","Franklin Resources",32.13,"+1.01%",29.37,31.36,25.6,26.24,"Above 50","-1.05%","0.75",3048727,"60.07","+51.41"
"BF.B","Brown Forman Cl B",27.01,"+1.24%",26.92,25.97,27.4,27.27,"Above 50","-15.38%","0.79",2185088,"57.34","-0.89"
"BG","Bunge Ltd",127.17,"+1.51%",125.06,124.9,106.61,113.38,"New Above 50","-5.71%","0.63",1123379,"53.19","+57.05"
"BIIB","Biogen Inc",200.05,"+0.05%",188.79,194.18,173.46,182.88,"Above 50","-2.87%","0.83",837285,"57.57","+52.09"
"BK","Bank of New York Mellon Corp",137.16,"+0.62%",127.38,133.95,115.79,119.31,"Above 50","-1.43%","0.89",3073200,"64.52","+54.18"
"BKNG","Booking Holdings",164.94,"+0.83%",169.56,163.02,191.72,184.43,"Below 50","-29.39%","0.87",6466927,"49.68","-25.01"
"BKR","Baker Hughes Company",63.14,"-0.54%",64.35,64.57,54.85,57.42,"Below 50","-10.33%","0.93",7071263,"46.17","+56.76"
"BLDR","Builders Firstsource",77.77,"-1.02%",79.2,74.33,104.75,97.14,"Above 50","-48.51%","0.52",1444008,"52.73","-36.77"
"BLK","Blackrock Inc",1032,"+1.52%",1041.27,1037.41,1071.18,1050.6,"Below 50","-15.41%","0.77",545180,"49.37","+1.62"
"BMY","Bristol-Myers Squibb Company",57.13,"+0.40%",57.65,56.97,53.42,56.14,"New Above 50","-9.15%","0.68",7802634,"50.92","+16.10"
"BR","Broadridge Financial Solutions",144.87,"+0.01%",153.61,150.04,199.76,186.97,"Below 50","-46.72%","0.78",1168867,"39.35","-43.33"
"BRK.B","Berkshire Hathaway Cl B",489.25,"+0.71%",477.95,481.58,490.39,489.36,"Above 50","-5.34%","0.87",4566893,"59.69","+0.33"
"BRO","Brown & Brown",59.99,"+0.07%",60.94,57.8,75.48,70.29,"Above 50","-46.00%","0.69",2029316,"55.16","-43.59"
"BSX","Boston Scientific Corp",46.91,"-0.55%",56.23,51.17,82.4,76.41,"Below 30","-57.16%","0.73",16698182,"29.11","-60.12"
"BX","Blackstone Inc",122.79,"+1.58%",120.31,117.25,140.24,131.37,"Above 50","-35.40%","0.86",4422878,"56.46","-15.07"
"BXP","Bxp Inc",66.28,"+0.08%",58.81,61.71,65.07,62.22,"Above 70","-16.45%","1.01",1404840,"71.76","-3.71"
"C","Citigroup Inc",139.83,"+1.27%",127.63,129.05,112.38,116.85,"Above 50","-0.91%","0.95",10296770,"69.42","+80.12"
"CAG","Conagra Brands",13.74,"+2.16%",14.03,13.3,16.91,16.36,"New Above 50","-38.91%","1.01",15292145,"53.88","-37.21"
"CAH","Cardinal Health",223.85,"+1.22%",202.78,203.23,195.75,208.35,"Above 70","-4.17%","0.91",2060310,"76.10","+39.70"
"CARR","Carrier Global Corp",69.91,"+0.24%",63.97,65.88,59.57,59.41,"Above 50","-13.79%","0.59",4173917,"60.48","+7.97"
"CAT","Caterpillar Inc",910.57,"+1.44%",855.21,892.68,659.75,717.56,"Above 50","-3.83%","0.74",2078210,"54.56","+150.44"
"CB","Chubb Ltd",328.14,"+0.06%",324.79,322.72,307.46,317.17,"Above 50","-5.07%","0.92",1594559,"56.07","+15.55"
"CBOE","CBOE Global Markets",294.91,"-0.33%",318.14,321.74,273.88,285.59,"Below 50","-20.55%","0.75",1159654,"40.34","+25.98"
"CBRE","CBRE Group",133.41,"+1.14%",138.71,130.04,151.44,149.02,"Below 50","-23.45%","0.39",1130244,"49.85","-7.96"
"CCI","Crown Castle",92.16,"+0.13%",89.09,91.45,89.81,87.94,"Above 50","-20.39%","1.10",4386523,"53.95","-4.24"
"CCL","Carnival Corporation Ltd",29.18,"+3.77%",26.84,26.9,28.4,27.93,"Above 50","-14.25%","1.12",29098068,"60.36","+21.92"
"CDNS","Cadence Design Sys",384.96,"+0.32%",345.07,379.21,325.5,318.87,"Above 50","-7.61%","0.56",1358455,"55.54","+33.63"
"CDW","CDW Corp",132.19,"+2.37%",124.45,122.4,137.18,129.85,"Above 50","-28.12%","1.25",2582633,"57.93","-16.28"
"CEG","Constellation Energy Corp",253.76,"+2.86%",285.11,269.27,320.17,310.58,"Below 50","-38.51%","0.82",3404372,"39.88","-23.94"
"CF","Cf Industries Holdings",109.48,"+2.74%",120.48,116.35,98.56,102.57,"Below 50","-22.88%","0.90",2492221,"40.10","+14.51"
"CFG","Citizens Financial Group",67.65,"+1.71%",63.63,63.24,58.43,60.63,"Above 50","-1.66%","0.94",4065212,"67.10","+61.28"
"CHD","Church & Dwight Company",97.56,"+0.49%",95.21,96.15,91.87,92.83,"Above 50","-8.00%","0.72",1359101,"55.01","+3.84"
"CHRW","C.H. Robinson Ww",193.74,"+1.38%",176.37,180.26,162.5,172.48,"Above 50","-4.72%","0.62",974389,"64.67","+91.05"
"CHTR","Charter Communications",145.82,"+4.80%",172.94,140.43,214.22,199.25,"Below 50","-65.47%","1.10",3364287,"47.06","-60.04"
"CI","The Cigna Group",298,"+1.07%",282.7,285.2,281.67,277.3,"Above 50","-12.07%","0.81",1270963,"61.75","-0.36"
"CIEN","Ciena Corp",445.98,"+0.17%",522.5,537.71,303.14,354.49,"Below 50","-30.04%","0.82",2649193,"36.73","+419.45"
"CINF","Cincinnati Financial",169.01,"+0.42%",163.61,164.15,161.68,163.49,"Above 50","-3.02%","0.93",600192,"61.74","+14.54"
"CL","Colgate-Palmolive Company",89.45,"+0.07%",86.78,89.02,84.28,85.71,"Above 50","-9.95%","0.71",3700159,"53.92","+2.70"
"CLX","Clorox Company",96.82,"-1.51%",95.98,93.95,108.58,104.8,"Above 50","-26.67%","0.76",1953954,"54.65","-22.73"
"CMCSA","Comcast Corp A",24.5,"+2.21%",26.34,24.53,28.91,28.21,"Below 50","-33.17%","0.85",26302383,"43.75","-31.30"
"CME","CME Group",269.53,"+2.80%",284.46,273.37,281.89,287.31,"Below 50","-18.12%","0.79",2812140,"46.97","-3.54"
"CMG","Chipotle Mexican Grill",32.23,"+3.14%",32.74,31.32,36.02,34.78,"New Above 50","-44.83%","0.96",19952568,"54.72","-31.16"
"CMI","Cummins Inc",659.58,"+0.59%",650.99,662.47,536.88,576.5,"Below 50","-8.15%","0.59",584006,"49.96","+97.50"
"CMS","Cms Energy Corp",73.57,"+0.99%",74.78,72.54,73.55,73.89,"New Above 50","-8.45%","0.70",2429516,"52.05","+2.96"
"CNC","Centene Corp",65.19,"+2.60%",51.7,60.86,41.39,43.86,"Above 50","-2.04%","1.01",4783533,"67.92","+77.86"
"CNP","Centerpoint Energy",42.9,"+0.82%",42.65,42.26,40.51,41.12,"Above 50","-3.53%","0.80",4193834,"54.52","+17.18"
"COF","Capital One Financial Corp",184.73,"+1.48%",189.34,184.31,210.17,207,"Below 50","-28.85%","0.80",3856669,"49.55","-10.89"
"COIN","Coinbase Global Cl A",159.78,"-0.41%",185.79,175.07,240.92,209.82,"Below 50","-64.07%","0.72",6463032,"40.30","-48.37"
"COO","Cooper Companies",67.88,"+0.55%",64.61,63.1,72.69,73.84,"Above 50","-24.44%","0.55",1943339,"64.15","-6.38"
"COP","Conocophillips",116.98,"+1.40%",120.61,118.6,104.88,109.16,"Below 50","-13.90%","1.00",6560149,"46.95","+23.32"
"COR","Cencora Inc",281.67,"+0.07%",289.38,270.11,325.12,329.67,"Above 50","-25.39%","0.66",1060847,"55.08","-11.83"
"COST","Costco Wholesale",982.35,"+0.68%",1004.96,1001.09,957.41,963.52,"Below 50","-10.41%","0.69",1735005,"46.22","+0.72"
"CPAY","Corpay Inc",356.11,"+1.50%",330.65,351.29,311.67,317.65,"Above 50","-3.08%","0.73",403305,"57.98","+15.74"
"CPB","The Campbell's Company",22.81,"+0.35%",20.9,21.1,26.74,25.06,"New Above 70","-33.26%","0.83",7698663,"70.52","-30.60"
"CPRT","Copart Inc",30.75,"-1.00%",32.84,32.14,38.76,36.49,"Below 50","-38.64%","0.79",8866630,"36.87","-38.50"
"CPT","Camden Property Trust",114.98,"+0.47%",105.46,109.07,105.53,105.54,"Above 70","-2.78%","0.80",988954,"73.80","+4.84"
"CRH","CRH Plc ADR",106.48,"+1.57%",109.92,103.96,115.52,115.44,"New Above 50","-19.06%","0.77",3804885,"50.53","+7.59"
"CRL","Charles River Laboratories",187.51,"-0.29%",173.48,172.68,177.56,180.85,"Above 50","-18.07%","0.55",491168,"60.26","+22.25"
"CRM","Salesforce Inc",165.89,"-0.34%",180.07,181.47,218.28,208.4,"Below 50","-40.07%","0.82",13242941,"38.56","-39.80"
"CRWD","Crowdstrike Holdings",682.8,"-1.26%",543.7,676.26,484.21,484.74,"Above 50","-13.09%","0.59",2278204,"58.72","+61.46"
"CSCO","Cisco Systems Inc",121.1,"-0.60%",101.98,120.81,81.64,85.81,"Above 50","-7.11%","0.69",18033547,"59.03","+101.20"
"CSGP","Costar Group Inc",32.84,"+0.58%",35.25,33.32,58.02,50.21,"Below 50","-66.29%","0.58",4914811,"42.26","-63.74"
"CSX","CSX Corp",47.57,"+0.43%",44.87,46.38,38.8,40.22,"Above 50","-0.96%","0.93",11364452,"62.12","+52.38"
"CTAS","Cintas Corp",176.28,"-3.08%",173.33,174.49,187.36,184.13,"Above 50","-22.26%","0.91",2055202,"52.17","-19.45"
"CTRA","Coterra Energy Inc",32.56,"-8.62%",33.14,33.44,27.42,28.58,"New Below 50","-11.71%","7.18",73319500,"43.49","+40.85"
"CTSH","Cognizant Tech Sol",52.17,"+1.93%",54.57,52.69,68.07,67.72,"Below 50","-40.06%","0.73",6679887,"46.09","-37.95"
"CTVA","Corteva Inc",76.14,"+1.71%",80.31,78.07,72.71,74.67,"Below 50","-11.08%","1.17",4114199,"39.95","+6.34"
"CVNA","Carvana Company Cl A",64.1,"-5.49%",71.93,67.75,73.66,74.26,"Below 50","-34.17%","0.97",10018071,"40.02","-4.32"
"CVS","CVS Corp",101.96,"+1.47%",86.84,94.48,79.68,80.62,"Above 70","-0.79%","1.37",11091962,"74.65","+59.96"
"CVX","Chevron Corp",187.22,"+0.75%",188.61,188.42,171.44,176.67,"Below 50","-12.80%","0.85",7930621,"48.72","+27.12"
"D","Dominion Energy Inc",67.91,"+1.83%",64.28,66.65,61.67,62.17,"Above 50","-1.54%","0.56",5773639,"59.95","+23.00"
"DAL","Delta Air Lines Inc",83.06,"+1.50%",72.89,78.01,66.25,68.59,"Above 50","-0.92%","0.94",6821688,"62.76","+75.76"
"DASH","Doordash Inc Cl A",150.58,"-2.59%",163.38,157.09,203.92,185.03,"Below 50","-47.26%","0.82",3905480,"42.79","-37.57"
"DD","Dupont Denemours Inc",48.26,"+3.03%",47.46,47.66,41.99,44.97,"New Above 50","-8.36%","0.84",2934292,"52.79","+65.23"
"DDOG","Datadog Inc Cl A",229.9,"-1.85%",177.18,231.4,149.59,150.23,"Above 50","-17.51%","0.92",5706020,"57.63","+70.37"
"DE","Deere & Company",577.48,"+1.55%",574.13,559.37,525.37,544.92,"Above 50","-14.34%","0.54",853819,"54.05","+16.13"
"DECK","Deckers Outdoor Corp",113.83,"-0.47%",105.35,107.58,103.37,103.01,"Above 50","-10.02%","0.66",1475848,"61.91","+15.20"
"DELL","Dell Technologies Inc",395.57,"+1.05%",263.71,346.64,167.95,176.63,"Above 50","-15.74%","0.50",6035814,"64.53","+232.23"
"DG","Dollar General Corp",114.8,"+0.40%",113.22,106.99,120.79,126.52,"Above 50","-27.45%","0.62",2604553,"59.73","-2.33"
"DGX","Quest Diagnostics Inc",203.06,"-0.38%",194.8,195.77,189.2,191.47,"Above 50","-4.89%","1.09",889837,"62.08","+14.78"
"DHI","D.R. Horton",154.09,"-0.22%",147.09,145.33,152.88,149.23,"Above 50","-16.50%","1.03",2403975,"59.87","+18.46"
"DHR","Danaher Corp",180.1,"-0.38%",180.61,177,204.74,205.05,"Above 50","-25.82%","0.71",2996355,"51.15","-14.37"
"DIS","Walt Disney Company",100.04,"-0.30%",102.35,101.62,107.45,105.36,"Below 50","-19.77%","0.98",8111998,"44.51","-15.76"
"DLR","Digital Realty Trust",184.2,"+0.74%",192.07,187.66,173.97,174.83,"Below 50","-11.50%","1.23",2613294,"44.09","+7.81"
"DLTR","Dollar Tree Inc",114,"-0.77%",101.25,104.25,109.34,113.26,"Above 50","-19.94%","0.47",1861116,"62.22","+11.95"
"DOC","Healthpeak Properties",20.69,"+0.93%",18.27,19.73,17.72,17.49,"Above 50","-0.62%","0.55",5273619,"69.52","+25.25"
"DOV","Dover Corp",217.43,"-0.50%",216.63,212.92,199.49,208.62,"Above 50","-8.47%","1.43",1191391,"52.98","+23.24"
"DOW","Dow Inc",33.85,"+0.65%",37.5,35.21,29.48,31.49,"Below 50","-20.80%","1.23",14512919,"39.92","+21.29"
"DPZ","Domino's Pizza Inc",323.88,"+3.72%",334.76,312.34,392.76,380.56,"New Above 50","-34.70%","1.16",834866,"54.22","-31.24"
"DRI","Darden Restaurants",211.47,"+0.30%",198.24,200.61,195.78,196.53,"Above 50","-7.36%","1.09",1119300,"64.88","+2.54"
"DTE","Dte Energy Company",147.42,"+1.12%",145.17,143.67,139.78,140.22,"Above 50","-4.66%","0.80",1211640,"57.61","+10.09"
"DUK","Duke Energy Corp",124.97,"+0.63%",126.11,123.37,124.01,124.04,"Above 50","-7.08%","0.76",2439797,"52.34","+5.42"
"DVA","Davita Healthcare Partners",208.66,"+2.37%",175.44,196.41,140.89,144.6,"New Above 70","-1.48%","1.11",896826,"71.29","+45.09"
"DVN","Devon Energy Corp",45.31,"+1.57%",47.13,46.22,40.49,42.63,"Below 50","-14.04%","1.03",14758452,"46.61","+29.99"
"DXCM","Dexcom Inc",75.37,"+0.16%",65.87,72.21,67.57,66.75,"Above 50","-16.24%","0.66",4760532,"62.84","+0.39"
"EA","Electronic Arts Inc",203.27,"+0.11%",202.22,202.04,198.64,202.23,"Above 50","-0.79%","0.88",1690226,"60.37","+29.24"
"EBAY","Ebay Inc",108.61,"-0.91%",106.52,111.6,93.17,93.83,"New Below 50","-8.97%","0.61",2851491,"49.08","+41.96"
"ECL","Ecolab Inc",265.41,"+0.68%",260.85,255.52,270.42,270.15,"Above 50","-14.18%","1.04",1915149,"57.55","-0.98"
"ED","Consolidated Edison Company",107.74,"+0.84%",108.49,106.2,104.22,106.02,"Above 50","-7.30%","0.73",1916114,"53.30","+4.67"
"EFX","Equifax Inc",163.71,"+2.59%",173.12,166.01,205.09,193.69,"Below 50","-40.67%","1.45",2306006,"44.12","-39.63"
"EG","Everest Re Group",339.4,"+0.94%",342.21,338.88,334.26,331.81,"New Above 50","-7.84%","0.95",402969,"51.48","+1.81"
"EIX","Edison International",72.95,"+0.84%",70.83,70.88,63.62,66.35,"Above 50","-4.28%","0.61",1618295,"58.74","+47.89"
"EL","Estee Lauder Companies",89.68,"+1.89%",80.41,84.56,93.27,93.75,"Above 50","-26.27%","0.70",2797373,"60.68","+22.13"
"ELV","Elevance Health Inc",404.07,"+1.23%",367.68,399.67,339.6,343.08,"Above 50","-5.37%","0.90",1549401,"56.86","+17.74"
"EME","Emcor Group",823.05,"+1.42%",849.77,840.57,721.18,741.4,"Below 50","-13.54%","0.71",247018,"45.54","+62.90"
"EMR","Emerson Electric Company",143.07,"+0.69%",139.8,138.74,137.79,139.54,"Above 50","-13.37%","0.81",2142193,"55.21","+12.14"
"EOG","Eog Resources",136.65,"+0.09%",136.96,138.76,120.59,123.08,"Below 50","-10.02%","1.13",3651999,"48.17","+15.13"
"EPAM","Epam Systems Inc",95.38,"+2.82%",110.36,99.39,156.74,156.66,"Below 50","-57.14%","0.37",845662,"39.35","-52.17"
"EQIX","Equinix Inc",1055.85,"+1.21%",1067.97,1065.44,888,917.59,"Below 50","-6.45%","0.92",500143,"46.94","+27.53"
"EQR","Equity Residential",67.34,"+1.04%",64.51,66.44,62.71,62.43,"Above 50","-4.01%","0.74",2315334,"57.81","+2.86"
"EQT","Eqt Corp",51.94,"+1.45%",56.98,55.17,56.59,57.73,"New Above 30","-23.89%","0.83",5147914,"33.06","-11.45"
"ERIE","Erie Indemnity Company",226.67,"+0.29%",229.33,220.7,275.37,260.12,"Above 50","-40.45%","0.79",138382,"53.31","-37.01"
"ES","Eversource Energy",68.69,"+0.38%",68.84,68.85,69.47,69.46,"Below 50","-10.10%","1.12",3243253,"49.25","+3.25"
"ESS","Essex Property Trust",283.75,"+1.13%",266.14,277.94,259.46,258.4,"Above 50","-3.52%","0.75",377191,"63.20","+5.76"
"ETN","Eaton Corp",391.39,"-0.57%",401.77,396.83,367.58,366.98,"Below 50","-10.11%","0.80",2041325,"46.69","+19.14"
"ETR","Entergy Corp",111.11,"+1.11%",112.54,109.92,100.45,103.02,"New Above 50","-6.19%","0.74",2690633,"51.74","+33.38"
"EVRG","Evergy Inc",83.85,"+1.26%",82.34,82.54,78.05,79.06,"Above 50","-1.67%","0.70",1408140,"56.74","+22.42"
"EW","Edwards Lifesciences Corp",85.11,"-0.76%",82.78,85.49,81.84,83.23,"Above 50","-4.88%","0.89",4563813,"50.91","+12.34"
"EXC","Exelon Corp",46.21,"+1.54%",46.15,45.22,45.81,45.96,"Above 50","-8.77%","0.77",6379461,"55.29","+5.36"
"EXE","Expand Energy Corporation",88.78,"+1.95%",96.21,93.4,104.48,105.31,"New Above 30","-29.88%","0.99",3199940,"36.06","-25.90"
"EXPD","Expeditors Intl",166.62,"+0.11%",153.25,160.39,143.57,150.97,"Above 50","-1.13%","0.69",861173,"67.23","+46.38"
"EXPE","Expedia Group Inc",224.89,"+0.10%",235.14,223.13,240.15,247.38,"Below 50","-25.97%","0.83",1257415,"47.29","+20.43"
"EXR","Extra Space Storage Inc",150.6,"+0.23%",142.35,144.25,139.99,138.9,"Above 50","-2.96%","0.84",890142,"65.57","+5.21"
"F","Ford Motor Company",14.84,"+0.88%",13.39,14.96,12.95,13.25,"Above 50","-16.54%","0.55",39372602,"53.32","+39.68"
"FANG","Diamondback Energy",192.13,"+0.28%",196.24,198.84,166.09,173.94,"Below 50","-10.43%","0.84",2032722,"45.26","+29.19"
"FAST","Fastenal Company",46.57,"+0.39%",45.14,45.05,44.47,43.98,"Above 50","-8.02%","0.69",4613557,"59.18","+10.22"
"FCX","Freeport-Mcmoran Inc",68.41,"+3.12%",64.02,64.72,53.83,57.67,"Above 50","-5.10%","0.94",12104597,"57.10","+72.25"
"FDS","Factset Research Systems",241.16,"+1.91%",230.68,240.03,260.25,244.48,"New Above 50","-46.81%","2.08",1959962,"52.00","-37.66"
"FDX","Fedex Corp",338.31,"+0.09%",310.7,322.44,253.1,274.44,"Above 50","-1.31%","0.58",1163688,"62.06","+94.70"
"FE","Firstenergy Corp",47.03,"+0.77%",47.43,45.83,46.85,47.4,"Above 50","-10.15%","0.69",3227591,"56.53","+12.33"
"FFIV","F5 Inc",396.16,"+0.59%",348.17,391.11,297.85,293.43,"Above 50","-3.73%","0.43",289308,"62.65","+52.57"
"FICO","Fair Isaac and Company",1179.19,"-0.52%",1115.36,1214.12,1436.57,1383.05,"New Below 50","-40.98%","0.86",288559,"49.91","-32.08"
"FIS","Fidelity National Information Services",39.2,"+2.22%",44.28,41.67,56.83,53.59,"Below 50","-52.62%","1.01",7175611,"35.96","-53.27"
"FISV","Fiserv Inc",53.78,"+1.36%",57.56,55.46,76.35,61.19,"Below 50","-69.68%","0.61",4099516,"43.47","-48.44"
"FITB","Fifth Third Bancorp",54.73,"+2.45%",49.89,50.38,47.28,48.39,"New Above 70","-1.28%","0.96",6961020,"72.40","+43.58"
"FIX","Comfort Systems USA",1877.61,"+1.85%",1791.54,1850.48,1228.8,1364.37,"Above 50","-9.47%","0.98",450179,"53.21","+256.05"
"FOX","Fox Corp Cl B",58.92,"-3.98%",57.64,58.88,57.51,58.54,"Above 50","-13.58%","1.47",1516838,"50.67","+16.45"
"FOXA","Fox Corp Cl A",65.85,"-3.59%",64.25,65.75,63.95,65.14,"Above 50","-13.80%","1.32",3499059,"51.11","+19.18"
"FRT","Federal Realty Investment Trust",125.84,"+0.90%",115.01,120.04,104.71,106.56,"Above 70","-0.45%","0.73",745921,"74.80","+38.59"
"FSLR","First Solar Inc",267.31,"-1.42%",231.35,271.93,231.94,234.76,"Above 50","-16.71%","0.59",1793225,"52.45","+50.45"
"FTNT","Fortinet Inc",146.3,"+0.85%",108.99,137.42,88.53,90.36,"Above 50","-2.51%","0.74",4765482,"69.45","+66.39"
"FTV","Fortive Corp",60.14,"+0.50%",59.89,59.85,54.75,56.69,"New Above 50","-16.30%","0.65",2171895,"50.52","+2.42"
"GD","General Dynamics Corp",360.22,"+0.38%",340.34,343.53,343.23,346.39,"Above 50","-2.56%","0.96",986854,"63.48","+23.34"
"GDDY","Godaddy Inc",76.24,"+1.42%",85.48,86,109.52,99.92,"Below 50","-57.99%","0.93",2833490,"35.13","-57.03"
"GE","GE Aerospace",335.3,"+0.76%",302.89,314.29,303.89,306.67,"Above 50","-3.78%","0.91",4358778,"63.00","+37.89"
"GEHC","GE Healthcare Technologies",65.18,"+1.04%",66.07,63.46,74.86,74.76,"Above 50","-27.39%","0.67",3174277,"53.62","-15.18"
"GEN","Gen Digital Inc",24.32,"+1.59%",22.03,25.24,24.78,23.7,"New Above 50","-24.51%","0.61",4830095,"50.65","-15.72"
"GEV","GE Vernova Inc",940.66,"+3.74%",1012.77,979.6,764.28,817.32,"Below 50","-20.41%","0.97",2730962,"44.11","+88.57"
"GILD","Gilead Sciences Inc",125.59,"-0.22%",132.97,129.8,129.16,133.49,"Below 50","-20.15%","0.65",5199594,"40.41","+8.41"
"GIS","General Mills",34.51,"+2.04%",34.46,33.44,43.24,41.28,"New Above 50","-37.40%","0.64",6486950,"56.37","-37.21"
"GL","Globe Life Inc",166.76,"+1.01%",152.97,156.32,142.41,143.68,"New Above 70","-0.90%","0.78",451348,"70.76","+41.50"
"GLW","Corning Inc",179.2,"+1.50%",176.64,185.13,118.25,130.7,"Below 50","-15.39%","0.69",8917521,"48.83","+247.84"
"GM","General Motors Company",81.5,"+0.80%",78.43,80.25,73.86,78.19,"Above 50","-6.98%","0.61",4953649,"53.63","+57.60"
"GNRC","Generac Holdings Inc",262.36,"+1.95%",244.84,265.05,193.9,199.16,"New Above 50","-10.82%","0.58",517339,"51.10","+101.19"
"GOOG","Alphabet Cl C",358.16,"+0.45%",359.48,373.22,307.51,327.05,"Below 50","-11.45%","0.73",17210914,"43.44","+89.80"
"GOOGL","Alphabet Cl A",359.68,"+0.53%",362.26,376.42,307.94,327.81,"Below 50","-11.97%","0.74",23989877,"42.37","+91.71"
"GPC","Genuine Parts Company",103.75,"+1.46%",103.06,97.75,122.13,117.71,"Above 50","-31.55%","0.99",1514614,"58.98","-19.40"
"GPN","Global Payments Inc",67.71,"+3.47%",69.12,69.62,76.21,73.15,"Below 50","-25.29%","0.99",4108827,"47.05","-14.92"
"GRMN","Garmin Ltd",238.1,"-0.20%",244.98,236.09,228.87,224.97,"Below 50","-12.89%","0.65",466472,"49.47","+15.81"
"GS","Goldman Sachs Group",1062.75,"+2.62%",956.6,1013.88,869.71,900.79,"Above 50","-3.24%","0.95",2204219,"61.28","+71.19"
"GWW","W.W. Grainger",1315.87,"+0.15%",1210.75,1272.84,1070.93,1102.53,"Above 50","-2.51%","0.73",189603,"69.61","+33.74"
"HAL","Halliburton Company",39.6,"-0.40%",39.94,40.61,31.92,34.59,"Below 50","-9.15%","0.91",10599264,"46.52","+74.54"
"HAS","Hasbro Inc",83.9,"+0.16%",91.28,87.05,86.13,89.38,"Below 50","-21.57%","0.49",1046486,"37.64","+14.66"
"HBAN","Huntington Bancshares",17.52,"+1.80%",16.32,16.23,16.73,16.73,"Above 50","-9.95%","1.18",26321238,"68.97","+12.36"
"HCA","Hca Holdings Inc",387.18,"+2.29%",429.48,384.6,460.93,472.88,"Below 50","-30.43%","0.97",1753174,"44.65","-7.02"
"HD","Home Depot",328.39,"+0.73%",322.41,313.21,360.2,347.34,"Above 50","-23.05%","0.68",3584303,"60.11","-11.04"
"HIG","The Hartford Insurance Group",129.62,"+0.95%",134.26,131.02,133.93,135.35,"Below 50","-10.30%","0.68",1324105,"46.11","+0.48"
"HII","Huntington Ingalls Industries",297.68,"-1.09%",343.68,307.53,345.75,366.21,"Below 50","-35.29%","0.66",317469,"38.40","+9.22"
"HLT","Hilton Inc",345.95,"+1.20%",326.12,331.52,295.14,304.81,"Above 50","-0.88%","0.88",1343795,"64.13","+42.95"
"HOLX","Hologic Inc",76.01,"+0.48%",75.29,75.47,71.28,73.01,"Above 50","-0.08%","12.35",102025600,"68.74","+28.29"
"HON","Honeywell International",220.31,"+0.54%",221.94,222.52,213.02,217.72,"Below 50","-11.23%","0.90",4603325,"49.47","+4.39"
"HOOD","Robinhood Markets Inc Cl A",93.19,"+1.04%",80.24,82.82,102.81,94.05,"Above 50","-39.43%","1.11",32879691,"61.37","-7.75"
"HPE","Hewlett Packard Enterprise",48.17,"+2.93%",33.92,43.02,25.78,26.33,"Above 50","-25.03%","0.58",22411232,"63.46","+216.02"
"HPQ","HP Inc",25.24,"+2.27%",21.92,24.62,23.04,21.49,"Above 50","-14.87%","0.44",10778056,"56.52","+8.30"
"HRL","Hormel Foods Corp",24.75,"+1.27%",21.61,22.51,23.29,22.97,"Above 70","-22.32%","0.38",2647892,"76.38","-12.02"
"HSIC","Henry Schein Inc",81.25,"+1.28%",75.32,76.1,73.43,75.83,"New Above 70","-9.00%","0.72",1089044,"71.22","+18.74"
"HST","Host Marriott Financial Trust",24.89,"+2.26%",21.85,23.34,18.99,19.69,"New Above 70","-0.04%","0.82",7292989,"72.46","+71.76"
"HSY","Hershey Foods Corp",181.66,"+0.45%",190.63,186.97,193.93,196.79,"Below 50","-24.14%","0.81",1485975,"42.99","+0.93"
"HUBB","Hubbell Inc B",476.89,"+1.61%",502.6,474.86,470.45,482.05,"Below 50","-15.67%","0.62",436819,"46.37","+18.48"
"HUM","Humana Inc",379.22,"+2.86%",267.51,328.38,247.62,236.87,"Above 80","-0.07%","0.76",972093,"85.91","+106.45"
"HWM","Howmet Aerospace Inc",264.67,"+0.03%",253.26,256.24,221.46,231.79,"Above 50","-5.72%","0.72",1768101,"57.04","+54.79"
"IBKR","Interactive Brokers",90.81,"+2.23%",81.48,85.71,71.56,73.18,"Above 50","-2.46%","0.73",4177150,"63.25","+79.12"
"IBM","Intl Business Machines",272.24,"-0.95%",249.15,269.19,273.07,271.81,"Above 50","-18.11%","0.41",5094152,"53.00","-1.97"
"ICE","Intercontinental Exchange",140.53,"+1.12%",154.14,146.35,159.86,158.58,"Below 50","-25.78%","0.68",3091273,"35.98","-23.56"
"IDXX","Idexx Laboratories",560.88,"+0.53%",563.1,557.39,634.13,631.31,"New Above 50","-27.16%","0.83",516311,"50.27","-3.33"
"IEX","Idex Corp",218.49,"+0.73%",209.07,212.26,187.58,195.25,"Above 50","-2.43%","0.73",474129,"58.16","+28.88"
"IFF","International Flavors & Fragrances",78.27,"+0.98%",73.99,74.82,69.68,71.74,"Above 50","-7.32%","0.83",1816641,"58.89","+8.79"
"INCY","Incyte Corp",108.53,"+0.65%",97.8,99.07,96.5,99.52,"New Above 70","-3.35%","0.85",1488672,"70.26","+54.31"
"INTC","Intel Corp",124.57,"+6.51%",95.69,113.68,53.5,60.39,"Above 50","-6.16%","1.14",148383922,"62.43","+462.46"
"INTU","Intuit Inc",276.73,"-0.07%",364.87,324.33,531.13,485.1,"Below 50","-65.99%","0.70",5142279,"32.59","-68.99"
"INVH","Invitation Homes Inc",29.68,"+0.78%",28.11,29.24,27.67,27.17,"Above 50","-13.34%","1.08",5890963,"59.48","-4.72"
"IP","International Paper Company",36.15,"+3.43%",33.53,32.66,40.04,38.05,"Above 50","-35.60%","1.44",8722271,"61.39","-21.06"
"IQV","Iqvia Holdings Inc",181.46,"+0.22%",173.09,177.4,195.6,194.65,"Above 50","-26.55%","0.75",1243393,"54.85","+4.46"
"IR","Ingersoll Rand Inc",74,"+1.09%",76.95,71.37,81.47,82.08,"New Above 50","-26.70%","0.60",2297698,"51.69","-11.78"
"IRM","Iron Mountain Inc",127.24,"+1.65%",121.54,126.29,102.85,103.55,"Above 50","-5.11%","0.74",928105,"54.30","+35.79"
"ISRG","Intuitive Surg Inc",411.06,"-0.45%",443.28,423.85,491.91,499.67,"Below 50","-31.93%","0.72",1736834,"40.42","-25.38"
"IT","Gartner Inc",148.17,"-0.43%",154.55,159.31,202.71,187.33,"Below 50","-64.15%","0.69",1139919,"40.34","-53.11"
"ITW","Illinois Tool Works",257.43,"+1.17%",258.09,250.73,260.09,261.39,"Above 50","-15.08%","0.59",817831,"55.79","+3.77"
"IVZ","Invesco Limited",28.92,"+2.23%",26.35,27.58,25.18,25.95,"Above 50","-2.33%","0.61",3023441,"61.70","+82.30"
"J","Jacobs Engineering Group",127,"+0.55%",122.86,119.15,137.38,132.47,"Above 50","-24.60%","1.06",1295522,"58.70","-4.12"
"JBHT","J B Hunt Transport",289.36,"+0.08%",253.26,274.33,200.91,218.75,"Above 50","-1.42%","0.59",550211,"69.02","+118.63"
"JBL","Jabil Circuit",384.82,"+2.10%",340.41,361.84,257.31,272.54,"Above 50","-0.47%","0.83",955610,"61.00","+130.33"
"JCI","Johnson Controls Intl",144.96,"+0.66%",140.76,140.5,124.9,130.16,"Above 50","-2.78%","0.68",2685750,"54.67","+42.79"
"JKHY","Jack Henry & Assoc",128.23,"+1.80%",144.35,134.4,161.3,163.52,"New Above 30","-33.69%","0.77",1411621,"33.66","-32.75"
"JNJ","Johnson & Johnson",240.87,"+1.07%",230.97,230.8,214.6,224.85,"Above 50","-4.31%","0.81",6342836,"66.12","+48.81"
"JPM","JP Morgan Chase & Company",320.72,"+2.31%",306.59,304.82,306.56,306.87,"Above 50","-4.90%","0.80",7058796,"64.95","+18.43"
"KDP","Keurig Dr Pepper Inc",31.71,"+1.54%",28.59,30.1,27.9,28.16,"Above 50","-11.76%","1.05",12565623,"69.78","+4.24"
"KEY","Keycorp",22.7,"+1.66%",21.56,21.54,20.12,20.71,"Above 50","-2.76%","0.97",12028396,"66.28","+41.87"
"KEYS","Keysight Technologies",350.67,"+3.13%",339.55,340.92,242.66,266.58,"Above 50","-5.27%","0.67",1301571,"55.58","+120.10"
"KHC","Kraft Heinz Company",24.39,"+0.70%",23.05,23.57,24.19,23.64,"Above 50","-16.44%","0.56",7850113,"62.21","-5.26"
"KIM","Kimco Realty Corp",25.91,"+0.62%",23.76,24.24,22.08,22.17,"Above 70","-0.63%","1.28",6563001,"76.26","+30.13"
"KKR","KKR & Company LP",96.24,"+0.99%",97.69,94.67,113.67,108,"New Above 50","-37.45%","0.88",3916331,"51.02","-24.55"
"KLAC","K L A-Tencor Corp",254.54,"+5.55%",186.44,200.95,141.2,153.03,"Above 70","-0.15%","0.90",10045825,"75.63","+187.85"
"KMB","Kimberly-Clark Corp",102.29,"+0.74%",97.75,98.42,106.34,101.05,"Above 50","-25.59%","0.78",3489239,"61.41","-19.03"
"KMI","Kinder Morgan Inc",31.94,"+1.85%",32.23,32.27,29.68,30.51,"Below 50","-8.23%","0.90",8395212,"49.04","+16.22"
"KO","Coca-Cola Company",82.62,"+0.11%",78.65,80.57,73.48,75.4,"Above 50","-1.69%","0.71",11620192,"60.81","+20.43"
"KR","Kroger Company",64.71,"+0.92%",66.59,64.62,66.59,66.48,"Below 50","-15.50%","0.68",5019111,"49.50","-3.81"
"KVUE","Kenvue Inc",18.14,"+0.39%",17.42,17.48,17.32,17.45,"Above 50","-20.68%","0.72",14527500,"62.26","-9.93"
"L","Loews Corp",108.12,"+0.70%",107.98,106.76,104.91,106.88,"Above 50","-5.90%","0.83",758337,"54.53","+18.22"
"LDOS","Leidos Holdings Inc",122.16,"+0.07%",138.24,125.31,172.71,167.82,"Below 50","-40.63%","0.98",1197826,"32.61","-30.61"
"LEN","Lennar Corp",90.3,"-4.90%",89.32,89.26,110.24,104.27,"Above 50","-37.39%","2.22",6256574,"50.54","-22.73"
"LH","Laboratory Corp of America",266.16,"+0.34%",262.1,260.26,267.79,265.26,"Above 50","-9.38%","0.84",479583,"55.87","+1.35"
"LHX","L3Harris Technologies",307.79,"-1.40%",321.95,308.73,315.14,324.31,"New Below 50","-18.84%","0.80",868449,"46.83","+13.02"
"LII","Lennox International",512.15,"-0.94%",502.28,503.94,510.86,503.59,"Above 50","-25.72%","0.71",272335,"51.77","-4.69"
"LIN","Linde Plc",523.57,"+1.58%",504.49,508.31,466.73,468.45,"Above 50","-0.43%","0.93",2190454,"61.54","+16.96"
"LLY","Eli Lilly and Company",1133,"-2.41%",996.78,1086.27,958.45,1013.86,"New Below 70","-4.20%","0.75",2425629,"62.71","+44.43"
"LMT","Lockheed Martin Corp",540.33,"-1.52%",545.58,526.51,536.98,554.72,"Above 50","-21.92%","0.87",1028268,"54.75","+9.42"
"LNT","Alliant Energy Corp",73.11,"+0.67%",72.44,72.27,68.73,69.53,"Above 50","-3.50%","0.64",1553715,"54.35","+18.63"
"LOW","Lowe's Companies",220.78,"-0.12%",228.53,214.66,246.29,244.51,"Above 50","-24.66%","0.76",2433190,"52.12","-5.54"
"LRCX","Lam Research Corp",366.81,"+1.18%",285.93,317.56,204.48,228.42,"Above 50","-1.88%","0.91",9116438,"68.54","+317.85"
"LULU","Lululemon Athletica",118.77,"-2.52%",137.65,124.04,169.18,167.23,"Below 50","-52.91%","0.65",2835551,"38.74","-52.87"
"LUV","Southwest Airlines Company",45.47,"+2.66%",40.43,41.6,39.1,41.42,"Above 50","-17.49%","1.03",6507549,"63.96","+43.73"
"LVS","Las Vegas Sands",50.67,"+0.12%",52.73,50.66,56.94,57.85,"Below 50","-28.08%","0.96",3688686,"45.96","+10.27"
"LW","Lamb Weston Holdings Inc",45.38,"+0.62%",42.89,43.07,50.1,46.74,"Above 50","-32.34%","0.72",1087570,"62.57","-12.17"
"LYB","Lyondellbasell Industries NV",64.58,"+1.75%",71.28,67.94,57.16,59.59,"Below 50","-23.06%","1.11",5645429,"37.97","+13.77"
"LYV","Live Nation Entertainment",172.51,"+0.10%",162.44,166.09,153.53,151.6,"Above 50","-1.56%","0.66",1550085,"62.84","+26.50"
"MA","Mastercard Inc",489.98,"+0.71%",499.41,491.77,536.78,524.47,"Below 50","-18.58%","1.05",3861559,"48.12","-14.57"
"MAA","Mid-America Apartment Communities",138.93,"+0.60%",129.41,132.59,132.9,131.45,"Above 50","-9.74%","1.01",975226,"68.45","-2.95"
"MAR","Marriot Int Cl A",402.54,"+1.42%",365.68,378.88,316.66,333.56,"Above 50","-0.18%","0.78",1115105,"69.70","+63.75"
"MAS","Masco Corp",74.03,"+0.38%",68.45,69.14,67.54,66.71,"Above 50","-6.52%","0.70",1645394,"63.85","+20.10"
"MCD","McDonald's Corp",284.81,"+0.01%",288.94,279.71,305.87,306.19,"Above 50","-16.66%","0.91",3913138,"53.81","-8.46"
"MCHP","Microchip Technology",95.24,"+2.47%",88.46,93.56,71.9,74.34,"Above 50","-10.07%","0.72",8240194,"54.48","+53.69"
"MCK","Mckesson Corp",784.05,"-0.40%",797.64,762.61,822.43,846.39,"Above 50","-21.52%","0.51",608470,"54.03","+2.95"
"MCO","Moody's Corp",447.85,"+1.36%",448.81,447.63,474.37,469.49,"Below 50","-18.11%","0.67",664262,"49.45","-7.79"
"MDLZ","Mondelez Intl Inc",62.99,"-0.58%",60.23,61.85,58.92,58.06,"Above 50","-11.47%","1.06",7917242,"58.85","-0.78"
"MDT","Medtronic Inc",80.2,"-0.16%",80.71,78.13,92.17,91.48,"Above 50","-24.57%","0.64",7611598,"53.28","-13.92"
"MET","Metlife Inc",88.84,"+1.44%",79.62,83.52,78.07,77.35,"Above 70","-0.67%","0.88",3149243,"73.66","+20.46"
"META","META Platforms Inc",566.98,"-0.26%",621.83,604.21,658.09,633.65,"Below 50","-28.79%","0.81",14298047,"34.66","-21.48"
"MGM","MGM Resorts International",48.97,"+3.71%",40.31,43.5,36.34,37.01,"New Above 70","-5.08%","0.79",4795526,"72.19","+65.28"
"MKC","Mccormick & Company",48.95,"-0.57%",49.25,47.37,61.37,59.5,"Above 50","-37.37%","0.73",2671698,"54.40","-36.49"
"MLM","Martin Marietta Materials",577.33,"+2.08%",590.83,563.27,618.38,617.21,"New Above 50","-18.80%","0.82",473464,"51.07","-0.05"
"MMM","3M Company",158.32,"+0.26%",149.31,153.12,157.57,157.58,"Above 50","-10.76%","0.87",3405408,"66.12","+8.57"
"MNST","Monster Beverage Corp",92.83,"+0.87%",82.02,88.69,75.54,78.61,"New Above 70","-0.27%","0.83",4558780,"71.62","+52.74"
"MO","Altria Group",71.94,"+0.74%",69.56,71.9,64.56,64.57,"Above 50","-3.51%","1.05",8135857,"53.67","+22.18"
"MOH","Molina Healthcare Inc",200.28,"+3.66%",176.17,186.6,167.6,163.13,"Above 50","-35.71%","1.22",1180560,"62.00","-6.36"
"MOS","Mosaic Company",22.69,"+7.59%",23.3,22.33,26.99,25.3,"New Above 50","-40.65%","1.62",14209459,"50.90","-36.58"
"MPC","Marathon Petroleum Corp",263.58,"+1.06%",244.58,258.21,205.93,212.14,"Above 50","-3.26%","0.75",1699681,"57.25","+65.73"
"MPWR","Monolithic Power Sys",1577.32,"+892.31%",1490.6,1499.14,1124.05,1185.35,"New Above 50","-7.98%","0.71",534584,"51.89","+132.94"
"MRK","Merck & Company",119.05,"-1.42%",116.18,117.63,104.78,111.54,"Above 50","-4.87%","1.02",10888271,"54.22","+44.22"
"MRNA","Moderna Inc",49.91,"+0.54%",49.54,47.76,38.54,42.78,"Above 50","-16.19%","0.96",5078114,"53.72","+87.43"
"MRSH","Marsh & Mclennan Companies",168.68,"+0.32%",167.56,163.39,181.54,176.51,"Above 50","-23.44%","0.91",2531224,"56.82","-21.07"
"MS","Morgan Stanley",214.04,"+0.65%",193.95,205.57,174.11,179.6,"Above 50","-2.34%","0.79",4690803,"63.33","+66.37"
"MSCI","MSCI Inc",599.12,"+0.81%",585.67,603.04,568.6,570.74,"Below 50","-7.07%","0.62",389082,"49.84","+10.87"
"MSFT","Microsoft Corp",390.74,"+0.10%",411.8,419.75,453.73,433.53,"Below 50","-29.65%","0.92",34708727,"37.09","-21.75"
"MSI","Motorola Solutions",412.25,"+0.46%",421.89,407.4,424.98,414.72,"Below 50","-16.25%","0.51",585529,"49.64","-1.47"
"MTB","M&T Bank Corp",231.88,"+1.78%",215.99,216.66,205.75,210.38,"New Above 70","-2.98%","0.97",1007386,"70.41","+30.80"
"MTCH","Match Group Inc",34.89,"+0.93%",35.37,35.35,33.5,33,"Below 50","-10.99%","0.96",2751518,"47.36","+13.53"
"MTD","Mettler-Toledo International",1131.49,"-0.86%",1206.62,1126.89,1318.13,1319.5,"Below 50","-25.81%","0.52",112200,"45.29","-10.73"
"MU","Micron Technology",981.61,"-1.43%",677.65,893.13,381.71,450.08,"Above 50","-9.89%","0.73",40410191,"60.77","+642.00"
"NCLH","Norwegian Cruise Ord",19.43,"+1.94%",18.2,17.62,21.11,20.11,"Above 50","-28.51%","0.83",18392377,"59.95","-0.56"
"NDAQ","Nasdaq Inc",88.98,"+2.58%",88.97,89.6,89.82,89.78,"New Above 50","-12.58%","0.90",2837061,"50.20","+1.54"
"NDSN","Nordson Corp",288.21,"+0.90%",281.16,284.03,257.77,267.31,"Above 50","-5.59%","0.61",260602,"54.19","+34.32"
"NEE","Nextera Energy",85.99,"+1.36%",91.15,86.94,85.53,88.12,"Below 50","-12.92%","0.70",9971094,"43.02","+11.80"
"NEM","Newmont Mining Corp",100.23,"+2.71%",110.86,105.28,101.85,108.21,"Below 50","-25.69%","0.90",7360719,"42.33","+49.94"
"NFLX","Netflix Inc",80.34,"-1.14%",90.85,85.07,99.21,92.67,"New Below 30","-40.10%","1.05",35210832,"29.05","-37.08"
"NI","NiSource Inc",47.21,"+1.27%",47.25,46.63,44.41,45.12,"New Above 50","-3.61%","0.86",3027805,"53.85","+18.45"
"NKE","Nike Inc",44.93,"-2.24%",44.23,44.37,59.4,55.77,"Above 50","-43.95%","0.76",16484012,"51.57","-33.20"
"NOC","Northrop Grumman Corp",550.33,"-0.40%",587.39,548.17,616.87,624.74,"Below 50","-28.90%","0.81",797082,"45.64","-2.71"
"NOW","Servicenow Inc",102.15,"-0.90%",99.37,109.31,138.44,123.11,"Below 50","-51.70%","0.72",25858537,"46.25","-50.55"
"NRG","NRG Energy",125.47,"+1.43%",144.74,131.12,156.87,154.68,"Below 50","-33.95%","0.94",2394500,"39.72","-25.07"
"NSC","Norfolk Southern Corp",313.91,"+1.09%",308.8,312.24,295.75,299.07,"New Above 50","-3.71%","0.43",532809,"53.38","+23.22"
"NTAP","Netapp Inc",161.61,"+0.71%",125.52,152.11,113.89,112.08,"Above 50","-16.19%","0.41",1774597,"62.57","+67.41"
"NTRS","Northern Trust Corp",174.34,"+2.10%",163.05,168.38,143.02,147.59,"Above 50","-0.44%","0.85",955429,"62.31","+61.90"
"NUE","Nucor Corp",266.35,"+2.09%",223.58,245.76,174.96,186.35,"New Above 70","-0.91%","0.81",1153583,"72.84","+134.45"
"NVDA","Nvidia Corp",205.19,"+0.16%",206.91,214.62,189.26,191.3,"Below 50","-13.25%","0.62",109442219,"45.24","+38.04"
"NVR","NVR Inc",6374.93,"-1.62%",6297.59,6103.21,7205.65,6980.11,"Above 50","-26.03%","0.70",23167,"57.60","-15.85"
"NWS","News Corp Cl B",29.26,"-2.89%",29.98,30.26,29.78,29.11,"Below 50","-17.76%","1.62",2110820,"41.54","-7.00"
"NWSA","News Corp Cl A",25.68,"-2.34%",26.07,26.42,26.18,25.51,"Below 50","-18.76%","1.63",6803594,"42.96","-6.61"
"NXPI","Nxp Semiconductors",304.86,"+0.76%",272.16,309.18,232.36,235.95,"Above 50","-10.32%","0.49",1957542,"53.18","+54.04"
"O","Realty Income Corp",62.72,"+1.31%",62.48,61.34,60.68,61.14,"Above 50","-7.68%","0.93",5669706,"56.72","+8.72"
"ODFL","Old Dominion Freight Line",245.75,"-0.81%",214.95,226.44,174.94,185.9,"Above 50","-2.49%","0.55",1069540,"65.83","+71.25"
"OKE","Oneok Inc",90.59,"+1.56%",88.27,89.58,79.09,81.71,"Above 50","-5.70%","0.86",3022697,"54.76","+14.56"
"OMC","Omnicom Group Inc",76.68,"+1.44%",75.55,74.26,76.66,76.42,"Above 50","-12.03%","0.99",3214078,"55.60","+6.42"
"ON","On Semiconductor",116.79,"+0.72%",101.18,118.71,67.12,72.77,"Above 50","-13.44%","0.56",6590132,"52.71","+164.35"
"ORCL","Oracle Corp",184.13,"+0.02%",184.99,205.24,205.84,181.42,"Below 50","-46.74%","1.10",28449514,"42.09","-24.77"
"ORLY","O'Reilly Automotive",91.02,"+1.02%",91.75,89.63,95.88,93.76,"New Above 50","-16.28%","0.92",6502657,"52.89","-2.53"
"OTIS","Otis Worldwide Corp",70.75,"+0.88%",75.08,70.83,85.09,83.45,"Below 50","-30.24%","0.78",2683322,"43.42","-28.87"
"OXY","Occidental Petroleum",56.54,"+1.93%",57.82,58.06,49.06,50.59,"Below 50","-16.17%","0.94",10397109,"46.22","+26.46"
"PANW","Palo Alto Networks",279.62,"+0.03%",215.27,265.7,194.26,190.26,"Above 50","-7.70%","0.70",6758294,"64.84","+64.83"
"PAYC","Paycom Software Inc",134.52,"+1.72%",131.4,137.45,157.37,140.39,"Below 50","-45.97%","1.03",857780,"48.69","-41.59"
"PAYX","Paychex Inc",100.63,"+1.37%",93.88,97.51,107.51,100.64,"Above 50","-35.04%","0.88",2616238,"58.96","-29.80"
"PCAR","Paccar Inc",118.52,"+0.80%",117.7,113.41,111.61,116.01,"Above 50","-10.13%","0.85",2597556,"56.12","+25.44"
"PCG","Pacific Gas & Electric Company",16.95,"+0.95%",16.81,16.51,16.4,16.65,"Above 50","-11.51%","0.53",9416893,"55.59","+20.14"
"PEG","Public Service Enterprise Group",79.7,"+1.17%",79.54,78.4,81.22,80.95,"Above 50","-12.66%","0.81",2227050,"54.18","-2.87"
"PEP","Pepsico Inc",144.27,"+0.38%",151.2,145.35,150.32,151.93,"Below 50","-15.87%","0.77",6616589,"43.20","+4.28"
"PFE","Pfizer Inc",26.21,"+0.15%",26.4,25.79,25.86,26.23,"Above 50","-8.82%","1.13",38746906,"53.70","+6.08"
"PFG","Principal Financial Group",111.11,"+1.30%",100.07,104.44,90.11,93.04,"Above 70","-0.35%","0.79",893702,"75.50","+51.89"
"PG","Procter & Gamble Company",149.61,"+0.86%",144.66,144.24,149.09,147.68,"Above 50","-10.55%","0.79",6692152,"60.02","-4.99"
"PGR","Progressive Corp",203.11,"+0.42%",199.26,199.03,215.35,208.85,"Above 50","-24.73%","0.61",1982674,"55.69","-21.44"
"PH","Parker-Hannifin Corp",903.48,"+0.12%",906.95,866.1,872.71,911.77,"Above 50","-12.70%","0.68",551863,"56.49","+29.93"
"PHM","Pultegroup",123.17,"-0.67%",119.59,117.53,124.85,123.57,"Above 50","-14.76%","0.77",1206224,"58.40","+14.23"
"PKG","Packaging Corp of America",228.23,"+1.71%",215.99,218.84,213.9,215.04,"Above 50","-8.53%","1.03",716541,"58.23","+20.10"
"PLD","Prologis Inc",148.74,"+1.05%",141.93,144.23,130.41,134.73,"Above 50","-0.64%","0.69",2442584,"61.28","+39.40"
"PLTR","Palantir Technologies Cl A",127.99,"-2.36%",139.64,138.74,160.42,154.9,"Below 50","-38.32%","0.91",35106895,"39.31","-18.61"
"PM","Philip Morris International",184.3,"+1.95%",172.35,181.82,166.13,168.56,"Above 50","-4.53%","0.74",3223624,"58.45","+6.49"
"PNC","PNC Bank",237.66,"+1.59%",220.94,222.56,208.91,213.65,"New Above 70","-2.57%","0.99",1849974,"70.98","+36.83"
"PNR","Pentair Ltd",73.8,"+1.69%",79.86,72.71,97.62,93.66,"Below 50","-35.23%","0.70",1626610,"46.58","-31.59"
"PNW","Pinnacle West Capital Corp",103.44,"+1.02%",101.7,101.24,94.55,96.22,"Above 50","-1.41%","0.58",717784,"57.36","+17.06"
"PODD","Insulet Corp",149.7,"+0.34%",169.67,150.23,260.28,238.49,"Below 50","-57.82%","0.65",992588,"43.68","-57.62"
"POOL","Pool Corp",195,"+1.38%",198.95,183.9,243.97,224.15,"Above 50","-43.48%","0.76",677367,"56.71","-35.45"
"PPG","PPG Industries",119.34,"+0.93%",109.51,110.89,107.67,108.66,"Above 50","-10.56%","0.93",1762533,"64.53","+15.25"
"PPL","PPL Corp",35.85,"+1.10%",37.06,35.45,36.59,36.56,"Below 50","-10.61%","0.78",7127407,"49.24","+2.58"
"PRU","Prudential Financial Inc",108.5,"+1.87%",100.4,103.13,104.14,104.22,"Above 50","-9.40%","1.03",1837771,"68.51","+6.55"
"PSA","Public Storage",325.94,"+0.38%",303.46,307.26,288.81,287.82,"Above 50","-1.76%","0.97",872065,"68.94","+16.07"
"PSKY","Paramount Skydance Corp Cl B",10.47,"-0.19%",10.69,10.4,13.1,11.79,"Below 50","-49.81%","0.58",4482224,"49.47","-31.02"
"PSX","Phillips 66",179.45,"+0.76%",172.49,179.35,150.83,156.78,"Above 50","-5.85%","1.20",2541588,"52.58","+49.11"
"PTC","Ptc Inc",113.68,"-3.98%",139.36,139.05,168.13,156.09,"Below 30","-48.25%","2.22",3860488,"22.00","-42.75"
"PWR","Quanta Services",707.74,"+3.58%",679.45,711.31,516.8,551.73,"New Above 50","-10.27%","0.90",1029586,"51.59","+103.79"
"PYPL","Paypal Holdings",41.53,"+0.70%",46.08,43.26,55.41,50.91,"Below 50","-47.76%","0.80",11738634,"34.52","-41.17"
"Q","Qnity Electronics Inc",150.65,"+1.03%",144.63,152.05,0,113.09,"Above 50","-12.17%","0.78",1341463,"51.55","+74.10"
"QCOM","Qualcomm Inc",211.72,"+4.32%",184.03,221.94,165.64,165.2,"New Above 50","-18.54%","0.63",14107338,"50.60","+39.91"
"RCL","Royal Caribbean Cruises Ltd",294.38,"+2.23%",271.85,274.2,291.35,281.72,"Above 50","-19.68%","0.66",1998064,"58.51","+9.79"
"REG","Regency Centers Corp",80.28,"-0.51%",78.45,78.03,73.77,74.52,"Above 50","-1.69%","0.93",1353391,"62.48","+16.46"
"REGN","Regeneron Pharmaceuticals",612.14,"+0.11%",692.3,626.38,696.46,733.52,"Below 50","-25.45%","0.58",713327,"37.75","+2.95"
"RF","Regions Financial Corp",29.27,"+1.32%",27.82,27.97,27.01,27.42,"Above 50","-7.17%","0.93",10057088,"64.36","+31.77"
"RJF","Raymond James Financial",154.4,"+2.65%",151.4,149.73,159.08,156.64,"Above 50","-13.09%","0.83",1180941,"58.00","+2.27"
"RL","Ralph Lauren Corp",403.98,"+2.72%",364.73,365.41,347.6,357.7,"Above 50","-0.37%","0.95",794782,"65.59","+51.65"
"RMD","Resmed Inc",194.78,"+1.24%",209.95,198.28,244.27,235.84,"Below 50","-33.71%","0.72",1085540,"43.26","-28.21"
"ROK","Rockwell Automation Inc",459.34,"+0.38%",428.25,450.72,390.85,404.87,"Above 50","-1.87%","0.78",525961,"56.71","+45.49"
"ROL","Rollins Inc",47.19,"+0.30%",52.55,49.45,57.16,57.24,"Below 50","-28.65%","0.55",2626571,"35.74","-23.24"
"ROP","Roper Industries",334.97,"+0.68%",342.56,329.22,409.64,379.66,"New Above 50","-41.82%","1.08",1127679,"50.61","-39.90"
"ROST","Ross Stores Inc",240.13,"+0.43%",224.97,227.27,189.39,201.61,"Above 50","-1.10%","0.81",2918699,"63.69","+82.96"
"RSG","Republic Services",209.91,"+0.89%",208.51,207.71,216.54,214.04,"Above 50","-17.16%","0.74",1337209,"53.20","-14.47"
"RTX","Rtx Corp",183.53,"-0.37%",182.45,177.53,181.88,187.73,"Above 50","-14.44%","0.60",3346710,"55.98","+19.69"
"RVTY","Revvity Inc",99.66,"-1.83%",94.6,99.07,95.31,97.16,"Above 50","-15.76%","0.63",927414,"52.59","+7.53"
"SBAC","SBA Communications",204.79,"+0.56%",211.17,203.75,196.4,196.7,"Below 50","-15.78%","0.67",550032,"49.13","-8.79"
"SBUX","Starbucks Corp",103.04,"+0.74%",100.62,100.53,91.65,94.17,"Above 50","-5.36%","0.67",5284717,"58.23","+15.37"
"SCHW","The Charles Schwab Corp",91.1,"+2.71%",91.03,88.96,94.81,95.04,"New Above 50","-15.26%","0.96",11351971,"55.48","+0.26"
"SHW","Sherwin-Williams Company",317.3,"+0.13%",317.16,304.81,335.69,331.98,"Above 50","-16.42%","0.79",1799893,"56.15","-7.94"
"SJM","J.M. Smucker Company",116.49,"-0.29%",99.56,104.86,103.42,102.37,"Above 70","-2.43%","0.84",1599347,"75.00","+23.81"
"SLB","Slb Limited",56.18,"+0.32%",54.76,56.32,44.58,47.8,"Above 50","-4.49%","0.90",11975921,"52.10","+62.10"
"SMCI","Super Micro Computer",30.46,"-4.72%",32.26,38.35,35.81,31.6,"Below 50","-51.15%","1.32",84102469,"41.11","-17.14"
"SNA","Snap-On Inc",387.48,"+0.73%",375.14,372.94,358.01,365.1,"Above 50","-3.34%","0.88",272551,"60.53","+24.41"
"SNDK","Sandisk Corp",1980.1,"+5.24%",1293.35,1623.76,573.06,723.9,"New Above 70","-2.06%","1.02",11642158,"70.60","+2,446.17"
"SNPS","Synopsys Inc",453.89,"-0.53%",474.88,490.33,462.42,455.34,"Below 50","-30.36%","0.61",1275204,"38.82","+2.84"
"SO","Southern Company",94,"+0.78%",93.94,92.75,92.49,91.91,"Above 50","-6.78%","0.97",5630187,"53.92","+3.67"
"SOLV","Solventum Corporation",78.87,"-0.44%",72.35,77.61,74.31,75.05,"Above 50","-10.58%","0.49",1124444,"56.69","+9.06"
"SPG","Simon Property Group",219.04,"+1.95%",203.2,206.62,189.87,193.08,"New Above 70","-0.63%","1.02",1798172,"71.76","+40.56"
"SPGI","S&P Global Inc",418.91,"+1.35%",424.84,417.73,471.36,460.38,"Below 50","-27.66%","0.81",1723067,"48.99","-19.35"
"SRE","Sempra",92.29,"+0.82%",93.07,90.62,90.84,91.8,"Above 50","-8.66%","0.86",3042540,"53.56","+18.94"
"STE","Steris Corp",207.56,"+0.16%",215.95,212.51,239.71,238.49,"Below 50","-22.97%","0.75",623352,"41.08","-18.01"
"STLD","Steel Dynamics Inc",282.76,"+1.15%",231.52,256.61,181.32,194.29,"Above 70","-1.09%","0.74",794839,"75.38","+135.63"
"STT","State Street Corp",167.63,"+1.69%",151.21,158.51,129.38,134.35,"New Above 70","-0.39%","1.14",2184870,"71.68","+78.49"
"STX","Seagate Technology Holdings",931.04,"+7.25%",714.01,851.04,404.3,465.84,"Above 50","-3.70%","0.98",3150547,"64.28","+667.54"
"STZ","Constellation Brands",148.51,"+3.77%",149.91,143.11,146.23,148.44,"New Above 50","-16.63%","0.99",2183349,"57.19","-7.78"
"SW","Smurfit Westrock Plc",43.32,"+1.48%",40.43,40.03,41.03,40.47,"Above 50","-17.72%","1.12",5827506,"59.75","+4.94"
"SWK","Stanley Black & Decker",83.62,"+0.59%",76.32,78.25,75.59,76.53,"Above 50","-10.44%","1.07",1522919,"63.62","+27.90"
"SWKS","Skyworks Solutions",73.97,"+1.70%",67.64,75.78,66.46,63.32,"New Above 50","-18.62%","0.41",2099463,"51.56","+9.26"
"SYF","Synchrony Financial",73.36,"+1.42%",72.95,71.24,74.25,74.42,"Above 50","-17.36%","0.86",3197036,"55.53","+15.05"
"SYK","Stryker Corp",312.2,"+2.15%",315.17,307.89,352.36,344.43,"New Above 50","-22.89%","1.11",3180227,"52.87","-19.89"
"SYY","Sysco Corp",79.19,"-0.57%",74.72,75.87,78.36,77.92,"Above 50","-13.78%","0.74",2473141,"64.37","+4.84"
"T","AT&T Inc",23.58,"+2.52%",25.29,24.09,26.2,25.83,"Below 50","-20.85%","0.87",38844328,"42.01","-18.70"
"TAP","Molson Coors Brewing",41.58,"+1.59%",42.12,40.65,45.73,45.42,"Above 50","-24.15%","1.08",3436170,"54.57","-19.08"
"TDG","Transdigm Group Inc",1256.05,"-0.12%",1210.11,1223.75,1284.09,1278.33,"Above 50","-22.65%","0.63",241276,"55.52","-11.65"
"TDY","Teledyne Technologies",626.02,"+0.37%",631.05,616.33,586.6,597.07,"Above 50","-9.71%","0.84",270094,"51.81","+25.33"
"TECH","Bio-Techne Corp",54,"-0.04%",52.31,49.91,57.45,57.43,"Above 50","-25.17%","0.84",2558044,"57.82","+0.08"
"TEL","Te Connectivity Ltd",210.38,"+1.27%",214.49,208.19,221.46,221.48,"New Above 50","-16.70%","0.73",1934523,"50.18","+17.11"
"TER","Teradyne Inc",403.2,"+5.72%",364.54,368.56,247.33,284.08,"Above 50","-4.48%","0.89",3299414,"57.52","+323.95"
"TFC","Truist Financial Corp",51.66,"+1.93%",49.19,48.47,47.84,48.83,"Above 50","-8.07%","1.10",9181278,"65.55","+28.94"
"TGT","Target Corp",135.23,"+1.95%",125.64,126.01,106.77,112.02,"Above 50","-0.67%","0.83",4800858,"66.58","+49.42"
"TJX","TJX Companies",168.41,"+0.04%",157.44,158.08,151.81,155.31,"Above 70","-0.94%","0.72",4858814,"70.47","+34.61"
"TKO","Tko Group Holdings Cl A",203.36,"-4.84%",193.18,199.21,197.51,198.9,"Above 50","-10.39%","1.50",1857281,"54.89","+20.35"
"TMO","Thermo Fisher Scientific",469.34,"-1.33%",478.88,467.87,526.25,529.93,"New Below 50","-27.12%","0.97",2389589,"48.17","+4.84"
"TMUS","T-Mobile US",189.1,"+1.77%",190.95,186.54,208.44,200.46,"New Above 50","-27.70%","0.84",4232792,"52.45","-18.67"
"TPL","Texas Pacific Land Trust",378.91,"+2.53%",410.33,390.63,370.41,390.96,"Below 50","-30.75%","0.72",311338,"42.56","+3.31"
"TPR","Tapestry Inc",147.42,"+1.40%",142.31,139.68,129.07,135.1,"Above 50","-8.98%","0.75",1864230,"59.10","+72.63"
"TRGP","Targa Resources",272.6,"+1.20%",255.22,267.53,205.04,219.71,"Above 50","-2.64%","1.04",1162997,"59.78","+67.79"
"TRMB","Trimble Navigation",50.42,"+0.84%",60.98,54.72,71.98,69.27,"Below 30","-42.38%","0.91",2683959,"27.07","-38.77"
"TROW","T Rowe Price Group",109.64,"+1.27%",101.08,104.53,100.99,99.75,"New Above 70","-7.26%","1.03",1996667,"71.92","+19.97"
"TRV","The Travelers Companies",304.46,"+0.18%",300.31,299.95,289,294.02,"Above 50","-2.77%","1.36",2024465,"56.22","+15.34"
"TSCO","Tractor Supply Company",31.25,"-0.03%",35.26,30.76,48.95,46.25,"Below 50","-51.16%","0.93",11953158,"45.49","-48.38"
"TSLA","Tesla Inc",406.43,"+1.82%",398.3,415.74,415.69,415.14,"Below 50","-18.52%","1.32",62646086,"48.88","+17.85"
"TSN","Tyson Foods",57.43,"+3.22%",63.74,61.29,59.38,61.26,"New Above 30","-17.35%","1.17",4289108,"36.22","+0.90"
"TT","Trane Technologies Plc",458.25,"-0.41%",465.24,456.95,429.55,433.29,"Below 50","-8.98%","0.82",1169231,"48.83","+10.36"
"TTD","Trade Desk Inc",19.28,"+2.01%",21.87,20.95,34.43,29.18,"Below 50","-78.92%","1.44",30572678,"39.94","-67.98"
"TTWO","Take-Two Interactive",211.75,"-0.16%",217.53,223.06,231.02,224.19,"Below 50","-20.03%","0.53",1481502,"40.23","-10.63"
"TXN","Texas Instruments",301.12,"+1.35%",272.8,302.11,208.14,217.74,"Above 50","-9.17%","0.65",5362107,"54.82","+73.29"
"TXT","Textron Inc",92.82,"-0.99%",91.05,91.25,88.32,90.32,"Above 50","-8.61%","1.15",1448443,"54.17","+17.99"
"TYL","Tyler Technologies",298.84,"+1.14%",322.3,310.05,413.42,378.02,"Below 50","-51.90%","0.85",705598,"42.41","-50.14"
"UAL","United Airlines Holdings",115.52,"+2.58%",98.84,105.14,101.99,102.44,"Above 50","-3.10%","0.92",5354440,"63.22","+49.21"
"UBER","UBER Technologies Inc",68.85,"-1.01%",73.5,71.7,82.52,78.17,"Below 50","-32.49%","0.95",19618041,"38.78","-22.80"
"UDR","United Dominion Realty Trust",39.4,"+0.74%",36.65,38.05,36.48,36.38,"Above 50","-5.76%","0.57",3194854,"65.15","+1.27"
"UHS","Universal Health Services",146.42,"+0.25%",166.09,152.2,198.59,197.99,"Below 50","-40.56%","0.54",662858,"36.06","-25.75"
"ULTA","Ulta Beauty Inc",467.74,"-1.82%",516.21,488.62,564.93,576.13,"Below 50","-34.58%","0.76",697548,"38.21","-10.37"
"UNH","Unitedhealth Group",408.52,"+0.73%",363.73,391.2,331.58,327.09,"Above 50","-1.79%","1.02",7215912,"67.94","+40.47"
"UNP","Union Pacific Corp",272.7,"+1.65%",262.56,268.45,241.32,247.05,"Above 50","-2.50%","0.62",1927131,"56.59","+25.28"
"UPS","United Parcel Service",108.1,"-0.51%",103.33,104.51,99.13,103.3,"Above 50","-11.69%","0.66",3694985,"56.90","+12.13"
"URI","United Rentals",1074.24,"+0.54%",924.37,1007.73,882.66,861.19,"Above 50","-2.95%","0.89",449095,"66.73","+51.61"
"USB","U.S. Bancorp",58.94,"+2.27%",55.32,55.01,52.49,53.97,"Above 50","-3.68%","1.10",9022098,"67.95","+36.13"
"V","Visa Inc",322.39,"+1.05%",319.06,324.49,329.53,324.66,"New Above 50","-11.19%","0.70",5540693,"50.43","-7.69"
"VICI","Vici Properties Inc",28.52,"+1.53%",28.27,28.1,29.38,28.53,"New Above 50","-16.14%","1.30",10867065,"54.88","-10.49"
"VLO","Valero Energy Corp",258.67,"+1.20%",245.71,252.82,199.12,211.04,"Above 50","-2.61%","0.77",2196727,"56.83","+95.33"
"VLTO","Veralto Corporation",83.36,"+0.87%",87.09,84.72,96.33,93.6,"Below 50","-24.29%","0.66",1566794,"43.40","-18.91"
"VMC","Vulcan Materials Company",286.47,"+2.24%",283.32,274.27,291.31,289.61,"Above 50","-13.48%","0.74",915137,"56.08","+5.74"
"VRSK","Verisk Analytics Inc",183.8,"+0.99%",175.7,176.13,209.84,197.98,"Above 50","-41.61%","1.11",2182493,"59.07","-38.06"
"VRSN","Verisign Inc",279.89,"+0.11%",282.84,295.16,258.78,255.38,"Below 50","-10.43%","0.60",476726,"42.63","+4.79"
"VRTX","Vertex Pharmaceutic",444.92,"-0.03%",436.75,438.49,438.43,450.02,"Above 50","-12.40%","0.71",924127,"53.84","+0.40"
"VST","Vistra Energy Corp",148.02,"+1.12%",153.71,150.04,170.93,161.45,"Below 50","-32.66%","0.86",4358413,"47.05","-19.64"
"VTR","Ventas Inc",84.6,"+0.85%",85.24,84.61,79.02,82.22,"New Above 50","-7.09%","0.78",2968407,"50.75","+28.94"
"VTRS","Viatris Inc",16.48,"+1.04%",15.44,16.17,12.85,13.76,"Above 50","-5.99%","0.64",6231306,"57.47","+86.43"
"VZ","Verizon Communications",48.11,"+2.49%",47.15,47.18,44.4,45.19,"New Above 50","-6.91%","0.97",21943482,"57.31","+13.98"
"WAB","Wabtec Corp",265.2,"+1.19%",262.82,260.51,229.57,240.88,"Above 50","-3.86%","0.70",619880,"53.74","+34.79"
"WAT","Waters Corp",355.53,"-1.17%",336.78,356.75,343.61,351.38,"Above 50","-14.15%","0.82",774666,"51.39","+5.80"
"WBD","Discovery Inc Series A",26.98,"+0.45%",27.11,26.93,24.86,27.14,"New Above 50","-10.07%","0.74",15506022,"50.82","+84.39"
"WDAY","Workday Inc",130.8,"+0.21%",127.99,135.63,181.76,164.01,"Below 50","-47.65%","1.14",6669475,"46.66","-48.44"
"WDC","Western Digital Corp",562.92,"+6.35%",449.12,518.1,253.77,300.08,"Above 50","-6.57%","0.93",6083750,"61.39","+900.35"
"WEC","Wisconsin Energy Corp",113.44,"+0.33%",113.81,111.66,111.87,111.76,"Above 50","-5.17%","0.84",1903485,"53.19","+6.70"
"WELL","Welltower Inc",214.23,"+1.69%",210.26,209.31,193.91,200.99,"Above 50","-3.36%","0.58",2254889,"55.57","+37.64"
"WFC","Wells Fargo & Company",83.73,"+1.61%",79.62,78.41,84.17,84.53,"Above 50","-14.35%","0.69",10519051,"66.51","+11.03"
"WM","Waste Management",219.45,"+0.30%",222.84,217.94,221.53,223.42,"Below 50","-11.56%","1.36",3052093,"49.86","-6.34"
"WMB","Williams Companies",72.08,"+0.64%",73.44,74.02,66.33,68.33,"Below 50","-9.98%","0.85",5475333,"44.83","+21.15"
"WMT","Walmart Inc",121.04,"+0.45%",125.6,121.26,116.01,120.42,"Below 50","-10.44%","0.55",14717738,"47.29","+23.47"
"WRB","W.R. Berkley Corp",68.27,"+1.08%",66.59,66.75,70.35,69.06,"Above 50","-13.54%","0.75",1799388,"56.93","-6.43"
"WSM","Williams-Sonoma",223.54,"+2.19%",191.37,198.8,193.33,192.84,"New Above 70","-0.35%","1.16",1488156,"70.63","+43.58"
"WST","West Pharmaceutical Services",328.82,"-0.46%",299.45,317.19,270,271.58,"Above 50","-2.38%","0.68",459957,"62.99","+48.11"
"WTW","Willis Towers Watson Public",262.63,"+0.71%",268.89,256.72,307.11,298.39,"Above 50","-25.56%","0.82",582452,"52.00","-17.44"
"WY","Weyerhaeuser Company",24.85,"+2.14%",24.2,24,24.25,24.19,"Above 50","-10.45%","1.23",6668671,"57.79","-4.23"
"WYNN","Wynn Resorts Ltd",107.27,"-0.45%",103.34,101.91,114.32,111.24,"Above 50","-20.38%","0.95",1317110,"59.57","+15.33"
"XEL","XCEL Energy Inc",79.22,"+1.21%",79.78,78.85,78.36,78.66,"New Above 50","-5.95%","1.01",5926332,"51.01","+13.28"
"XOM","Exxon Mobil Corp",147.01,"+0.28%",151.91,151.79,133.98,140.86,"Below 50","-16.67%","0.96",16203221,"43.27","+30.12"
"XYL","Xylem Inc",110.08,"+0.94%",115.74,109.25,132.59,128.4,"Below 50","-28.64%","0.76",1428794,"46.76","-19.25"
"XYZ","Block Inc",69.52,"+0.62%",69.51,70.55,67.4,64.44,"Below 50","-15.73%","0.79",4629031,"48.75","+10.22"
"YUM","Yum! Brands",154.31,"+0.68%",154.98,150.99,152.96,155.15,"Above 50","-8.90%","0.75",1624815,"54.91","+5.69"
"ZBH","Zimmer Biomet Holdings",88.57,"+1.64%",87.32,85.49,92.87,90.21,"Above 50","-18.21%","0.80",1746916,"58.29","-5.18"
"ZBRA","Zebra Technologies",228.42,"+2.69%",233.64,243.52,254.11,238.6,"Below 50","-35.23%","0.49",584220,"44.35","-21.33"
"ZTS","Zoetis Inc Cl A",79.57,"-2.25%",97.48,79.07,122.24,114.44,"Below 50","-52.46%","0.91",6557359,"37.21","-49.87"
"$VIX","CBOE Volatility Index",17.68,"-9.05%",18.4,17.62,18.58,19.07,"N/A","-49.92%","0.00",,"48.53","-40.96"
"$TNX","10-Year Treasury Note",4.49,"+0.67%",4.41,4.52,4.21,4.25,"N/A","-4.27%","0.00",,"50.48","+4.81"
"$DXY","U.S. Dollar Index",99.75,"-0.11%",98.86,99.41,98.66,98.72,"N/A","-0.83%","0.00",,"59.97","+2.00"
"$SPX","S&P 500 Index",7431.46,"+0.50%",7247.79,7465.85,6882.5,6954.75,"N/A","-2.49%","0.00",,"52.74","+23.60"
"RSP","Invesco S&P 500 E.W. ETF",211.65,"+0.91%",203.49,207.26,195.64,197.91,"Above 50","-0.22%","1.03",11400902,"63.65","+19.88"