Symbol,Name,Latest,"50D MA","20D MA","200D MA","150D MA","RSI Rank","52W %/High","20D RelVol"
A,"Agilent Technologies",112.02,126.79,116.21,129.94,134.04,"New Above 30",-30.11%,0.7
AAPL,"Apple Inc",251.49,260.98,259.25,247.07,259.56,"Below 50",-12.86%,0.97
ABBV,"Abbvie Inc",204.93,222.74,223.59,215.34,223.4,"Below 30",-16.29%,0.98
ABNB,"Airbnb Inc Cl A",132.59,129.71,131.89,128.56,126.77,"New Above 50",-7.85%,0.8
ABT,"Abbott Laboratories",104.85,112.68,110.98,125.54,123.57,"Below 50",-24.60%,0.66
ACGL,"Arch Capital Grp Ltd",93.66,96.01,96.3,92.09,92.95,"Below 50",-9.41%,1.1
ACN,"Accenture Plc",200.02,233.73,203.05,256.04,246.58,"Below 50",-38.59%,0.52
ADBE,"Adobe Systems Inc",247.64,275.67,262.45,334.58,321.67,"Below 50",-41.45%,0.61
ADI,"Analog Devices",312.19,321.74,327.09,264.55,275.08,"Below 50",-14.04%,0.83
ADM,"Archer Daniels Midland",67.99,67.77,68.99,60.65,62.79,"Below 50",-7.77%,0.76
ADP,"Automatic Data Processing",209.71,229.35,213.78,271.72,260.13,"Below 50",-36.44%,0.82
ADSK,"Autodesk Inc",247.44,249.47,248.51,289.37,286.26,"Below 50",-24.81%,1.11
AEE,"Ameren Corp",106.9,107.4,111.02,102.22,103.66,"Below 50",-6.17%,0.81
AEP,"American Electric Power Company",127.92,125.59,131.79,115.76,118.78,"Below 50",-5.24%,1.08
AES,"The Aes Corp",14.08,15.01,14.66,13.71,14.21,"Below 50",-20.23%,0.56
AFL,"Aflac Inc",106.65,111.2,110.36,108.2,110.09,"Below 50",-10.62%,1.41
AIG,"American International Group",75.09,76.37,77.79,79.51,78.71,"Below 50",-14.74%,0.6
AIZ,"Assurant Inc",217.43,228.41,221.9,216.28,223.41,"Below 50",-11.73%,0.8
AJG,"Arthur J. Gallagher & Company",216.74,230.08,217.43,272.39,260.37,"Below 50",-38.29%,0.9
AKAM,"Akamai Technologies",114.43,99.81,104.17,84.79,87.16,"Above 50",-0.67%,1.32
ALB,"Albemarle Corp",167.56,171.55,169.61,112.93,127.47,"New Above 50",-18.66%,1.27
ALGN,"Align Technology",180.86,176.46,177.75,159.79,153.43,"New Above 50",-13.18%,0.98
ALL,"Allstate Corp",207.76,204.67,208.99,203.29,204.84,"New Above 50",-4.15%,0.91
ALLE,"Allegion Plc",143.63,160.97,150.91,162.34,165.91,"Below 30",-21.56%,1.07
AMAT,"Applied Materials",361.79,340.24,355.61,241.81,261.23,"Above 50",-8.63%,0.91
AMCR,"Amcor Plc",39.36,44.99,43.46,43.74,42.63,"New Above 30",-22.73%,1.05
AMD,"Adv Micro Devices",202.68,214.4,200.78,193.39,207.84,"Below 50",-24.11%,0.9
AME,"Ametek Inc",212.81,224.48,224.43,197.72,203.47,"Below 50",-12.08%,0.86
AMGN,"Amgen Inc",349.77,359.82,370.21,316.89,324.83,"Below 50",-10.61%,0.85
AMP,"Ameriprise Financial Services",442.91,484.27,456.27,493.41,484.11,"Below 50",-19.50%,1.28
AMT,"American Tower Corp",176.5,181.81,185.17,193.13,185.08,"Below 50",-24.68%,1.32
AMZN,"Amazon.com Inc",210.14,220.14,211.1,224.83,226.06,"Below 50",-18.74%,0.97
ANET,"Arista Networks Inc",135.88,135.1,133.85,130.38,137.19,"New Above 50",-17.62%,0.95
AON,"AON Plc",325.97,331.85,327.48,349.44,346.57,"Below 50",-19.01%,0.88
AOS,"Smith A.O. Corp",65.07,73.22,70.51,69.96,70.51,"Below 30",-20.52%,1.18
APA,"Apa Corp",39.03,29.33,33.22,24.07,25.65,"Above 80",-1.23%,1.4
APD,"Air Products and Chemicals",278.66,275.79,279.5,272.88,268.05,"New Below 50",-7.45%,1.04
APH,"Amphenol Corp",130.67,142.83,136.24,125.13,133.26,"Below 50",-21.77%,0.78
APO,"Apollo Asset Management Inc",110.45,123.21,108.91,133.86,130.97,"Below 50",-29.77%,0.87
APP,"Applovin Corp Cl A",458.95,479.01,456.01,515.45,562.67,"Below 50",-38.45%,0.87
APTV,"Aptiv Plc",70.98,77.49,72.23,77.03,79.67,"Below 50",-20.18%,0.74
ARE,"Alexandria Real Estate Equities",48.15,53.6,51,65.31,61.86,"Below 50",-51.00%,0.79
ARES,"Ares Management LP",107.12,131.78,109.4,159.21,152.8,"Below 50",-45.14%,0.72
ATO,"Atmos Energy Corp",181.03,176.87,184.98,168.42,172.55,"Below 50",-4.79%,0.79
AVB,"Avalonbay Communities",163.27,175.48,173.15,186.28,181.86,"New Above 30",-24.87%,0.8
AVGO,"Broadcom Ltd",322.51,330.22,325.78,325.48,341.35,"Below 50",-22.21%,0.89
AVY,"Avery Dennison Corp",164.84,185.5,178.98,176.47,176.39,"New Above 20",-17.39%,1.05
AWK,"American Water Works",135.73,132.03,136.2,136.14,134.28,"Above 50",-12.71%,0.89
AXON,"Axon Enterprise Inc",507.28,520.94,526.66,653.6,613.42,"Below 50",-42.74%,0.51
AXP,"American Express Company",301.91,335.23,306.4,335.24,344.79,"Below 50",-22.09%,0.92
AZO,Autozone,3353.24,3645.43,3602.41,3795.89,3803.69,"Below 50",-23.58%,0.94
BA,"Boeing Company",198.41,231.61,217.58,219.06,218.88,"New Above 30",-21.99%,0.84
BAC,"Bank of America Corp",47.52,51.55,48.72,50.69,52.06,"Below 50",-17.43%,0.88
BALL,"Ball Corporation",58.26,61.68,62.82,54.54,53.86,"New Above 30",-14.69%,1.06
BAX,"Baxter International Inc",16.61,19.61,18.31,22.52,20.65,"Below 50",-51.88%,0.99
BBY,"Best Buy Company",64.01,65.52,63.78,71.45,72.17,"Below 50",-24.69%,0.77
BDX,"Becton Dickinson and Company",156.23,166.67,166.71,151.7,155.57,"New Above 30",-16.61%,0.83
BEN,"Franklin Resources",23.9,26.1,25.47,24.33,24.41,"Below 50",-15.61%,1.17
BF.B,"Brown Forman Inc Cl B",22.93,27.13,25.49,27.97,27.79,"New Above 30",-36.62%,0.48
BG,"Bunge Ltd",120.82,117.05,120.63,93.61,98.46,"New Above 50",-5.95%,0.8
BIIB,"Biogen Inc",183.64,184.26,186.68,157.13,166.09,"Below 50",-9.27%,1.05
BK,"Bank of New York Mellon Corp",116.36,119.06,116.93,108.48,112.74,"Below 50",-9.63%,1.07
BKNG,"Booking Holdings Inc",4396.79,4571.27,4309.89,5175.17,5046.14,"New Above 50",-24.70%,0.72
BKR,"Baker Hughes Company",62.53,58.16,60.49,48.33,50.83,"Above 50",-6.67%,1.03
BLDR,"Builders Firstsource",84.66,109.61,93.59,118.22,115.9,"New Above 30",-43.94%,0.79
BLK,"Blackrock Inc",974.58,1058.84,999.84,1084.44,1089.34,"Below 50",-20.11%,0.87
BMY,"Bristol-Myers Squibb Company",57,58.56,60.17,50.42,51.47,"Below 50",-9.36%,0.67
BR,"Broadridge Financial Solutions Llc",170.84,190.2,182.03,226.21,219.74,"Below 50",-37.17%,1.53
BRK.B,"Berkshire Hathaway Cl B",479.98,492.02,491.15,491.17,495.05,"Below 50",-11.45%,0.94
BRO,"Brown & Brown",66.72,72.2,69.74,87.14,81.8,"Below 50",-46.91%,1.15
BSX,"Boston Scientific Corp",69.54,79.84,71.91,95.58,92.92,"Below 50",-36.49%,0.82
BX,"Blackstone Inc",109.35,129.66,111.75,151.85,149.55,"Below 50",-42.47%,0.74
BXP,"Bxp Inc",53.04,60.39,54.74,68.16,67.88,"Below 50",-33.14%,0.69
C,"Citigroup Inc",111.64,113.43,109.5,101.75,106.47,"New Above 50",-10.80%,1.02
CAG,"Conagra Brands Inc",15.46,17.99,17.52,18.57,18.04,"New Above 30",-44.15%,0.96
CAH,"Cardinal Health",206.4,217.13,219.18,182.78,190.63,"Below 50",-11.64%,1.34
CARR,"Carrier Global Corp",58.3,60.13,59.54,61.99,58.58,"Below 50",-28.10%,1.11
CAT,"Caterpillar Inc",701.7,699.94,715.72,535.69,581.44,"Below 50",-11.16%,1.03
CB,"Chubb Ltd",326.37,321.46,330.92,294.15,299.41,"Below 50",-5.58%,0.84
CBOE,"CBOE Global Markets Inc",280.62,280.8,292.35,252.22,257.62,"Below 50",-8.20%,1.09
CBRE,"CBRE Group Inc",135.75,152.84,138.71,153.57,156.97,"Below 50",-22.10%,0.92
CCI,"Crown Castle Inc",81.33,86.87,87.53,94.23,91.14,"Below 50",-29.74%,0.91
CCL,"Carnival Corp",25.45,29.39,27.06,28.82,29.15,"Below 50",-25.21%,1.18
CDNS,"Cadence Design Sys",292.52,299.3,295.02,322.72,322.23,"Below 50",-22.29%,1.39
CDW,"CDW Corp",120.16,126.45,120.85,151.39,143.54,"Below 50",-37.51%,1.04
CEG,"Constellation Energy Corp",289.76,300.57,314.04,329.45,332.88,"Below 50",-29.79%,0.82
CF,"Cf Industries Holdings",120.18,100.61,114.03,90.07,89.12,"Above 50",-12.56%,1.24
CFG,"Citizens Financial Group Inc/Ri",57.98,61.84,58.91,53.68,56.26,"Below 50",-15.71%,0.64
CHD,"Church & Dwight Company",94.65,97.57,100.12,92.09,90.76,"Below 50",-16.91%,0.96
CHRW,"C.H. Robinson Ww",166.84,181.68,177.78,142.42,155.91,"Below 50",-17.95%,0.73
CHTR,"Charter Communications Inc",216.61,217.15,223.36,261.63,230.37,"Below 50",-50.44%,0.86
CI,"The Cigna Group",261.49,277.42,273.39,287.72,282.98,"Below 50",-25.29%,1.07
CIEN,"Ciena Corp",407.9,300.63,350.17,182.32,215.36,"Above 50",-2.83%,1.04
CINF,"Cincinnati Financial",160.19,163.32,164,157.79,160.87,"Below 50",-8.08%,0.77
CL,"Colgate-Palmolive Company",85.15,90.75,92.06,84.65,83.46,"Below 50",-14.28%,1.09
CLX,"Clorox Company",105.88,115.78,115.58,116.42,113.55,"Below 50",-29.81%,0.97
CMCSA,"Comcast Corp A",29.01,30.23,30.53,31.09,30.01,"Below 50",-23.09%,0.82
CME,"CME Group Inc",306.56,299.81,313.99,278.8,279.86,"Below 50",-6.87%,0.8
CMG,"Chipotle Mexican Grill",33.36,37.43,35.09,40.79,37.63,"Below 50",-42.90%,0.97
CMI,"Cummins Inc",548.25,572.52,558.49,456.17,492.38,"Below 50",-11.28%,0.91
CMS,"Cms Energy Corp",74.62,74.39,77.07,72.52,72.96,"Below 50",-5.40%,0.82
CNC,"Centene Corp",32.81,41.61,39.32,37.82,37.78,"New Below 30",-50.31%,1.45
CNP,"Centerpoint Energy Inc",41.76,41.45,43.27,38.96,39.59,"Below 50",-5.92%,1.17
COF,"Capital One Financial Corp",184,208.11,188.59,216.74,218.79,"Below 50",-29.13%,1.05
COIN,"Coinbase Global Inc Cl A",200.62,194.83,194.15,283.47,265.67,"Above 50",-54.88%,0.95
COO,"Cooper Companies",70.24,79.74,76.57,74.63,75.52,"Below 30",-21.81%,0.77
COP,Conocophillips,127.19,109.58,118.47,96.8,97.98,"Above 70",-0.91%,0.89
COR,"Cencora Inc",320.61,353.76,352.41,325.07,335.95,"New Below 30",-15.08%,1.03
COST,"Costco Wholesale",965.73,982.44,994.3,948.89,940.66,"Below 50",-9.50%,0.93
CPAY,"Corpay Inc",293.31,324.24,317.28,312.05,306.78,"Below 50",-18.97%,0.83
CPB,"The Campbell's Company",21,26.06,23.97,29.91,29.19,"Below 30",-48.26%,0.92
CPRT,"Copart Inc",33.39,38.04,35.7,42.98,41.44,"New Above 30",-47.71%,0.83
CPT,"Camden Property Trust",98.15,106.65,104.43,107.7,106.05,"Below 30",-21.05%,2.42
CRH,"CRH Plc ADR",104.42,118.17,108.9,112.34,117.75,"New Above 30",-20.62%,0.96
CRL,"Charles River Laboratories Intl",158,185.38,166.3,173.13,178.68,"Below 50",-30.97%,1.04
CRM,"Salesforce Inc",195.18,204.75,195.52,240.61,233.91,"Below 50",-34.07%,0.95
CRWD,"Crowdstrike Holdings Inc",413.31,424.67,412.24,467.3,465.92,"Below 50",-27.09%,0.77
CSCO,"Cisco Systems Inc",78.82,78.4,78.58,72.68,74.28,"New Above 50",-10.62%,0.83
CSGP,"Costar Group Inc",42.91,52.16,45.35,72.44,67.88,"Below 50",-55.96%,1.08
CSX,"CSX Corp",38.94,39.47,40.77,35.89,36.54,"Below 50",-10.16%,1.05
CTAS,"Cintas Corp",181.21,194.66,195.12,200.85,194.07,"New Above 30",-20.95%,1.07
CTRA,"Coterra Energy Inc",33.8,29.84,31.69,26.1,26.49,"Above 70",-2.51%,0.78
CTSH,"Cognizant Tech Sol",61.94,71.69,62.83,73.79,73.07,"Below 50",-28.83%,0.59
CTVA,"Corteva Inc",77.76,75.14,78.47,70.6,69.74,"Above 50",-3.89%,1.18
CVNA,"Carvana Company Cl A",299.6,372.99,314.58,364.72,373.49,"Below 50",-38.47%,1.09
CVS,"CVS Corp",71.29,77.38,76.42,74.16,77.27,"Below 50",-16.28%,0.94
CVX,"Chevron Corp",205.21,181.68,192.39,159.94,163.34,"Above 70",-0.07%,1.08
D,"Dominion Energy Inc",59.82,62.2,62.56,60.02,60.79,"Below 50",-11.47%,0.99
DAL,"Delta Air Lines Inc",65.13,67.11,63.33,60.98,63.75,"New Above 50",-14.74%,1.2
DASH,"Doordash Inc Cl A",159.98,184.74,170.21,226.31,221.95,"Below 50",-43.96%,0.86
DD,"Dupont Denemours Inc",44.14,46.38,46.63,37.13,39.51,"New Above 30",-16.18%,1.34
DDOG,"Datadog Inc Cl A",129.23,122.75,121.71,139.4,140.83,"Above 50",-35.93%,0.71
DE,"Deere & Company",569.03,571.82,596.28,506.74,505.34,"Below 50",-15.60%,0.86
DECK,"Deckers Outdoor Corp",102.45,108.47,107.72,103.56,103.18,"Below 50",-23.22%,1.08
DELL,"Dell Technologies Inc",164.59,129.51,146.43,131.97,134.14,"New Above 70",-3.13%,1.03
DG,"Dollar General Corp",125.11,145.58,141.94,120.31,123.05,"Below 30",-20.93%,0.84
DGX,"Quest Diagnostics Inc",195.6,195.78,202.6,183.57,186.61,"Below 50",-8.38%,1.04
DHI,"D.R. Horton",138.82,153.56,147.21,151.67,156.23,"New Above 30",-24.78%,1.11
DHR,"Danaher Corp",190,213.95,198.06,210.27,213.79,"Below 50",-21.75%,0.81
DIS,"Walt Disney Company",97.95,106.19,101.75,112.38,110.18,"Below 50",-21.45%,0.94
DLR,"Digital Realty Trust",176.47,171.88,178.9,169.01,167.43,"Below 50",-4.50%,0.78
DLTR,"Dollar Tree Inc",108.27,123.16,115.96,110.85,112.29,"Below 50",-23.97%,1.05
DOC,"Healthpeak Properties Inc",17.17,17.25,17.38,17.58,17.57,"Below 50",-16.33%,1.29
DOV,"Dover Corp",212.29,215.58,215.48,189.86,192.41,"Below 50",-10.63%,1.03
DOW,"Dow Inc",36.04,31.35,34,26.22,26.05,"Above 50",-6.58%,0.95
DPZ,"Domino's Pizza Inc",366.8,397.76,396.77,427.06,416.4,"Below 50",-26.50%,1.06
DRI,"Darden Restaurants",195.97,207.53,205.6,199.55,195.42,"Below 50",-14.15%,1.06
DTE,"Dte Energy Company",142.29,141.24,147.43,137.16,137.72,"Below 50",-7.98%,1.03
DUK,"Duke Energy Corp",127.34,125.26,130.67,122.02,123.02,"Below 50",-5.32%,0.88
DVA,"Davita Healthcare Partners Inc",152.21,135.62,151.6,131.36,128.61,"Above 50",-4.52%,0.75
DVN,"Devon Energy Corp",48.49,42.58,45.4,36.44,37.52,"Above 70",-2.69%,0.94
DXCM,"Dexcom Inc",65.94,70.38,69.32,72.46,68.86,"Below 50",-26.72%,0.86
EA,"Electronic Arts Inc",201.13,201.55,200.41,185.98,195.99,"New Above 50",-1.83%,1.16
EBAY,"Ebay Inc",89.85,89.9,90.39,87.26,89.13,"Below 50",-11.17%,0.97
ECL,"Ecolab Inc",261.13,285.81,283.67,272.89,274.39,"New Above 20",-15.57%,1.05
ED,"Consolidated Edison Company",109.11,108.78,112.11,102.14,102.27,"Below 50",-6.13%,0.66
EFX,"Equifax Inc",179.65,199.81,194.96,228.14,219.2,"Below 50",-36.07%,1.1
EG,"Everest Re Group",324.3,329.18,328.17,333.17,332.42,"Below 50",-12.40%,1.19
EIX,"Edison International",70.67,67.68,72.58,58.34,60.45,"Below 50",-6.40%,0.66
EL,"Estee Lauder Companies",79.29,105.45,95.07,94.88,98.44,"New Below 30",-34.81%,2.21
ELV,"Elevance Health Inc",289.24,329.46,296.69,331.54,331.17,"Below 50",-36.95%,0.57
EME,"Emcor Group",744.66,734.92,735.7,642.95,672.25,"New Above 50",-10.82%,0.74
EMR,"Emerson Electric Company",129.83,145.88,139.79,137,137.28,"Below 50",-21.39%,1.37
EOG,"Eog Resources",139.68,119.98,131.1,115.39,113.92,"Above 70",-1.03%,0.82
EPAM,"Epam Systems Inc",135.72,171.13,138.52,172.4,173.79,"Below 50",-39.01%,0.87
EQIX,"Equinix Inc",966.96,890.97,964.18,817.14,818.97,"Above 50",-2.61%,0.83
EQR,"Equity Residential",58.41,61.99,61.47,63.43,62.36,"New Above 30",-19.60%,1.15
EQT,"Eqt Corp",65.23,58.23,62.54,55.66,55.81,"New Above 70",-2.86%,1.2
ERIE,"Erie Indemnity Company",245.88,270.06,255.16,310.71,296.18,"Below 50",-43.35%,1.08
ES,"Eversource Energy",67.65,71.35,73.21,68.42,69.53,"New Above 30",-11.46%,1.06
ESS,"Essex Property Trust",242.58,253.18,252.71,263.17,258.2,"Below 50",-21.77%,1.56
ETN,"Eaton Corp",359.74,358.35,361.28,356,355.57,"Below 50",-11.93%,0.95
ETR,"Entergy Corp",101.34,100.66,104.92,92.95,95.55,"Below 50",-6.11%,1.04
EVRG,"Evergy Inc",79.41,79.44,82.41,74.5,76.21,"Below 50",-6.83%,0.81
EW,"Edwards Lifesciences Corp",82.02,82.38,84.02,80.44,81.51,"Below 50",-6.68%,0.94
EXC,"Exelon Corp",47.17,46.6,48.93,45.04,45.52,"Below 50",-6.87%,0.66
EXE,"Expand Energy Corporation",107.64,106.21,106.89,106.83,106.48,"Above 50",-14.99%,1.66
EXPD,"Expeditors Intl",140.54,152.77,144.07,133.36,139.3,"Below 50",-15.94%,1.29
EXPE,"Expedia Group Inc",236.65,242.51,228.52,225.66,240.83,"Above 50",-22.10%,0.7
EXR,"Extra Space Storage Inc",131.83,143.04,143.52,141.31,139.65,"New Above 30",-15.05%,1.12
F,"Ford Motor Company",11.76,13.31,12.56,12.38,12.81,"New Above 30",-20.51%,0.65
FANG,"Diamondback Energy",191.78,168.81,180.26,150.9,153.39,"Above 70",-1.49%,0.8
FAST,"Fastenal Company",44.45,45.2,45.72,44.47,44.45,"Below 50",-12.21%,0.76
FCX,"Freeport-Mcmoran Inc",54.94,61.48,61.36,48.04,49.74,"Below 50",-21.23%,1.23
FDS,"Factset Research Systems Inc",208.47,231.54,212.84,313.8,278.25,"Below 50",-56.09%,0.8
FDX,"Fedex Corp",355.78,351.02,367.22,272.23,286.68,"Below 50",-9.44%,1.18
FE,"Firstenergy Corp",48.77,48.69,50.57,45.06,46.35,"Below 50",-6.24%,0.93
FFIV,"F5 Inc",289.75,276.98,283.21,287.02,282.29,"Above 50",-16.26%,0.72
FICO,"Fair Isaac and Company",1063.33,1388.04,1279.14,1573.27,1559.86,"Below 50",-52.05%,1.15
FIS,"Fidelity National Information Services",49.77,53.24,50.08,66.28,62.08,"Below 50",-39.85%,0.75
FISV,"Fiserv Inc",57.71,62.04,59.8,104.1,86.5,"Below 50",-74.58%,1
FITB,"Fifth Third Bancorp",45.37,49.77,46.96,45.13,46.32,"Below 50",-18.16%,1.22
FIX,"Comfort Systems USA",1408.25,1281.21,1402.37,900.99,1008.59,"New Above 50",-6.12%,1.26
FOX,"Fox Corp Cl B",51.63,57.36,52.37,55.89,57.51,"Below 50",-24.27%,1
FOXA,"Fox Corp Cl A",57.28,63.26,57.54,61.8,63.85,"Below 50",-25.02%,0.74
FRT,"Federal Realty Investment Trust",103.76,104.95,107.12,99.33,100.95,"Below 50",-6.43%,1.41
FSLR,"First Solar Inc",189.92,220.89,199.67,217.34,232.7,"Below 50",-33.59%,0.85
FTNT,"Fortinet Inc",82.77,81.12,81.98,86.07,81.66,"New Above 50",-24.29%,0.79
FTV,"Fortive Corp",55.39,56.38,56.66,53.78,52.74,"Below 50",-27.63%,0.73
GD,"General Dynamics Corp",347.37,355.91,355.34,331.68,342.79,"Below 50",-6.04%,0.87
GDDY,"Godaddy Inc",84.13,94.24,86.62,132.33,120.55,"Below 50",-56.53%,0.67
GE,"GE Aerospace",291.54,316.98,319.92,292.03,303.37,"New Above 30",-16.34%,1.16
GEHC,"GE Healthcare Technologies Inc",71.65,79.16,75.68,76.9,77.93,"New Above 30",-20.18%,0.97
GEN,"Gen Digital Inc",21.02,23.34,21.69,27.17,26.28,"Below 50",-34.75%,1.02
GEV,"GE Vernova Inc",882.64,780.09,848.48,642.42,668.98,"Above 50",-4.13%,1.29
GILD,"Gilead Sciences Inc",137.34,142.25,145.03,123.16,126.89,"Below 50",-12.68%,1.06
GIS,"General Mills",37.36,44.16,41.67,47.92,46.76,"New Above 20",-40.33%,0.96
GL,"Globe Life Inc",137.38,141.71,141.56,135.95,138.93,"Below 50",-10.04%,1.56
GLW,"Corning Inc",130.97,121.79,137.87,85.47,95.4,"New Above 50",-19.20%,0.95
GM,"General Motors Company",75.72,79.74,76.07,66.54,71.53,"Below 50",-13.58%,0.91
GNRC,"Generac Holdings Inc",201.85,196,213.59,171.51,176.71,"Below 50",-16.28%,1.11
GOOG,"Alphabet Cl C",299.02,317.5,305.24,261.12,286.48,"Below 50",-14.60%,1.14
GOOGL,"Alphabet Cl A",302.06,317.51,305.89,260.55,286.05,"Below 50",-13.45%,1
GPC,"Genuine Parts Company",101.06,126.02,110.1,129.3,130.04,"New Above 20",-33.32%,1.33
GPN,"Global Payments Inc",71.06,74.04,73.82,79.74,79.47,"Below 50",-29.34%,1.16
GRMN,"Garmin Ltd",238.71,224.11,242.41,222.06,223.36,"New Above 50",-8.78%,0.89
GS,"Goldman Sachs Group",831.27,895.36,839.08,800.06,836.1,"Below 50",-15.58%,0.83
GWW,"W.W. Grainger",1054.47,1102.88,1100.21,1022.63,1020.96,"Below 50",-13.47%,1.13
HAL,"Halliburton Company",37.51,34.43,35.4,26.73,28.44,"Above 50",-0.74%,0.71
HAS,"Hasbro Inc",92.99,94.34,95.5,81.57,83.94,"Below 50",-13.08%,1.15
HBAN,"Huntington Bancshares Inc",15.29,17.19,16.1,16.84,16.94,"New Above 30",-21.41%,1.08
HCA,"Hca Holdings Inc",494.58,509.27,525.99,443.73,467.97,"Below 50",-11.13%,1.08
HD,"Home Depot",330.9,370.31,353.83,374.97,376.36,"New Above 30",-22.46%,1.33
HIG,"The Hartford Insurance Group Inc",135.43,136.69,137.36,131.57,133.73,"Below 50",-6.28%,0.93
HII,"Huntington Ingalls Industries",396.57,419.94,426.69,318.37,340.88,"Below 50",-13.79%,1.28
HLT,"Hilton Inc",300.67,304.6,302.24,278.6,283.47,"Below 50",-9.94%,0.96
HOLX,"Hologic Inc",75.64,75.17,75.4,70.78,72.51,"Above 50",-0.15%,0.79
HON,"Honeywell International Inc",223.01,231.74,236.84,210.58,209.21,"Below 50",-10.14%,0.91
HOOD,"Robinhood Markets Inc Cl A",72.49,86.99,76.61,107.85,112.18,"Below 50",-52.89%,0.97
HPE,"Hewlett Packard Enterprise Comp",22.32,21.8,21.49,22.2,22.97,"New Above 50",-15.58%,0.89
HPQ,"HP Inc",18.53,19.25,18.74,24.13,23.77,"Below 50",-37.29%,0.67
HRL,"Hormel Foods Corp",22.42,24.13,23.74,25.53,24.13,"Below 50",-30.09%,0.93
HSIC,"Henry Schein Inc",74.46,77.6,77.63,72.11,72.57,"Below 50",-16.61%,0.8
HST,"Host Marriott Financial Trust",19.14,19.18,19.32,17.41,17.91,"Below 50",-8.86%,1.27
HSY,"Hershey Foods Corp",215.17,213.61,222.99,188.9,193.59,"Below 50",-10.15%,0.97
HUBB,"Hubbell Inc B",489.07,493.9,489.66,446.7,457.13,"New Above 50",-8.38%,0.8
HUM,"Humana Inc",170.14,202,175.49,245.52,246.65,"Below 50",-46.05%,0.97
HWM,"Howmet Aerospace Inc",236.04,235.27,249.67,200.99,208.04,"Below 50",-11.70%,0.9
IBKR,"Interactive Brokers",67.84,72.1,69.01,65.77,68.09,"Below 50",-14.32%,1.51
IBM,"Intl Business Machines",248.44,271.54,247.15,278.94,281.07,"Below 50",-23.53%,0.74
ICE,"Intercontinental Exchange",157.17,163.99,161.16,167.61,162.84,"Below 50",-16.99%,0.89
IDXX,"Idexx Laboratories",578.51,644.67,610.66,635.45,661.25,"Below 50",-24.87%,0.76
IEX,"Idex Corp",188.61,199.98,197.93,178.41,179.29,"New Above 30",-13.14%,1.91
IFF,"International Flavors & Fragrances",68.13,74.26,73.97,69.41,68.03,"Below 50",-19.33%,0.99
INCY,"Incyte Corp",90.45,100.21,95.93,89.79,95.75,"Below 50",-19.45%,0.79
INTC,"Intel Corp",44.01,46.59,45.39,34.31,38.5,"Below 50",-19.40%,0.94
INTU,"Intuit Inc",457.02,466.25,437.66,639.84,598.54,"Above 50",-43.83%,0.66
INVH,"Invitation Homes Inc",24.76,26.25,25.62,28.88,27.79,"Below 50",-30.84%,1.05
IP,"International Paper Company",35.56,42.33,39.3,44.36,42.78,"New Above 30",-37.22%,1.4
IQV,"Iqvia Holdings Inc",166.96,194.23,170.19,195.59,204.14,"Below 50",-32.42%,0.66
IR,"Ingersoll Rand Inc",82.29,89.83,87.4,83.03,82.93,"Below 50",-18.49%,0.62
IRM,"Iron Mountain Inc",101.94,100.85,107.28,96.8,96.22,"Below 50",-11.54%,0.97
ISRG,"Intuitive Surg Inc",478.04,503.71,489.79,509.04,508.71,"Below 50",-20.84%,0.9
IT,"Gartner Inc",162.59,181.58,160.87,256.51,222.9,"Below 50",-64.01%,0.92
ITW,"Illinois Tool Works Inc",262.75,275.5,276.07,259.1,260.88,"New Above 30",-13.33%,1.18
IVZ,"Invesco Limited",23.77,26.26,24.48,22.99,24.66,"Below 50",-19.72%,1.08
J,"Jacobs Engineering Group Inc",129.21,136.79,133.21,141.44,143.14,"Below 50",-23.29%,1.34
JBHT,"J B Hunt Transport",202.78,214.83,214.49,171.77,180.51,"Below 50",-14.08%,0.9
JBL,"Jabil Circuit",266.26,252.65,258.29,223.35,226.85,"New Above 50",-5.37%,0.96
JCI,"Johnson Controls Intl",133.27,130.07,136.44,115.16,118.37,"Below 50",-9.02%,0.63
JKHY,"Jack Henry & Assoc",163.3,171.76,165.68,169.26,167.22,"Below 50",-15.56%,0.66
JNJ,"Johnson & Johnson",235.42,234.74,242.19,194.99,206.21,"Below 50",-6.47%,0.88
JPM,"JP Morgan Chase & Company",289.91,302.43,292.25,301.42,306.68,"Below 50",-14.04%,1.02
KDP,"Keurig Dr Pepper Inc",26.55,28.3,28.36,29.39,28.02,"Below 50",-26.50%,1.03
KEY,Keycorp,19.65,21.05,20,19.07,19.58,"Below 50",-15.83%,0.82
KEYS,"Keysight Technologies Inc",288.96,250.6,290.96,194.38,204.69,"Above 50",-8.85%,0.68
KHC,"Kraft Heinz Company",21.21,23.71,23.42,25.39,24.84,"Below 30",-31.91%,1.3
KIM,"Kimco Realty Corp",22.7,22.17,23.2,21.43,21.49,"Below 50",-5.04%,1.06
KKR,"KKR & Company LP",90.84,104.5,90.53,125.33,121.29,"Below 50",-40.96%,0.65
KLAC,"K L A-Tencor Corp",1511.43,1473.59,1471.36,1149.47,1232.96,"Above 50",-10.74%,1.1
KMB,"Kimberly-Clark Corp",99.45,103.22,103.38,115.74,110.79,"Below 50",-32.40%,1.09
KMI,"Kinder Morgan Inc",33.71,31.33,33.29,28.3,28.49,"Above 50",-1.55%,1.56
KO,"Coca-Cola Company",75.11,76.34,78,71.13,71.49,"Below 50",-8.40%,0.86
KR,"Kroger Company",72.7,67.75,71.7,67.48,66.52,"Above 50",-5.07%,1.24
KVUE,"Kenvue Inc",17.6,17.94,18.09,18.49,17.47,"Below 50",-30.08%,0.88
L,"Loews Corp",106.45,107.32,108.88,100.34,103.4,"Below 50",-7.35%,0.76
LDOS,"Leidos Holdings Inc",162.54,180.85,172.8,179.12,185.3,"Below 50",-21.01%,0.93
LEN,"Lennar Corp",93.46,110.5,101.64,117.94,119.25,"New Above 30",-35.20%,1.2
LH,"Laboratory Corp of America Holdings",264.42,272.98,273.84,267.4,270.12,"Below 50",-9.98%,1.15
LHX,"L3Harris Technologies Inc",345.48,353.43,361.83,297.24,309.48,"Below 50",-8.90%,1.43
LII,"Lennox International",476.96,522.45,514.59,537.69,519.7,"New Above 30",-30.82%,0.84
LIN,"Linde Plc",478.05,473.07,493.37,457.3,453.59,"New Below 50",-6.38%,0.96
LLY,"Eli Lilly and Company",910.55,1021.24,984.6,893.29,936.36,"Below 50",-19.70%,0.97
LMT,"Lockheed Martin Corp",616.25,627.01,650.8,507.74,526.29,"Below 50",-10.95%,0.72
LNT,"Alliant Energy Corp",69.17,69.18,71.54,66.17,67.28,"Below 50",-5.78%,1.1
LOW,"Lowe's Companies",234.25,265.24,248.87,246.68,253.27,"New Above 30",-20.07%,1.27
LRCX,"Lam Research Corp",233.31,226.79,224.26,153.13,171.81,"Above 50",-9.10%,0.84
LULU,"Lululemon Athletica",164.38,179.12,169.63,193.08,181.92,"Below 50",-52.83%,0.86
LUV,"Southwest Airlines Company",40.35,46.24,43.83,37.01,38.36,"Below 50",-26.78%,0.79
LVS,"Las Vegas Sands",54,56.72,54.64,55.78,58.39,"Below 50",-23.35%,0.95
LW,"Lamb Weston Holdings Inc",40.87,45.34,44.03,53.31,53.18,"New Above 30",-39.06%,0.75
LYB,"Lyondellbasell Industries NV",71.47,58.3,66.16,53.25,51.38,"Above 50",-7.61%,0.68
LYV,"Live Nation Entertainment",151.83,152.12,158.37,150.61,151.16,"Below 50",-13.36%,0.76
MA,"Mastercard Inc",500.38,525.48,508.89,556.43,553.68,"Below 50",-16.85%,0.81
MAA,"Mid-America Apartment Communities",122.39,132.65,129.99,138.17,135,"Below 30",-27.76%,1.33
MAR,"Marriot Int Cl A",326.52,330.64,329.81,290.41,297.62,"Below 50",-11.75%,1.12
MAS,"Masco Corp",60.08,68.77,64.99,67.47,67.88,"New Above 30",-24.13%,1.02
MCD,"McDonald's Corp",308.47,321.22,326.29,308.45,311.69,"New Below 30",-9.74%,0.94
MCHP,"Microchip Technology",64.34,73.03,67.69,67.28,66.52,"Below 50",-22.81%,0.88
MCK,"Mckesson Corp",877.01,902.37,942.8,793.91,822.18,"Below 50",-12.21%,0.85
MCO,"Moody's Corp",441.07,473.05,452.91,489.76,486.64,"Below 50",-19.35%,0.78
MDLZ,"Mondelez Intl Inc",56.86,58.42,57.89,60.72,58.71,"Below 50",-20.08%,1.17
MDT,"Medtronic Inc",87.17,96.6,91.56,94.5,96.23,"New Above 30",-18.02%,0.85
MET,"Metlife Inc",69.18,74.98,71.21,77.99,78.02,"Below 50",-18.61%,0.74
META,"Meta Platforms Inc",604.06,649.17,637.92,690.19,678.96,"Below 50",-24.14%,1.07
MGM,"MGM Resorts International",36.95,35.48,36.23,35.19,35.03,"New Above 50",-7.99%,1.1
MKC,"Mccormick & Company",53.25,64.8,62.31,67.87,66.28,"Below 30",-35.96%,1.33
MLM,"Martin Marietta Materials",577.59,645.27,619.05,613.43,628.65,"New Above 30",-18.76%,1
MMM,"3M Company",146.56,160.49,154.53,158.33,160.81,"New Above 30",-17.39%,1.08
MNST,"Monster Beverage Corp",73.96,79.9,78.4,70.13,72.96,"Below 50",-15.36%,0.73
MO,"Altria Group",64.39,65.06,67.32,62.3,62.96,"Below 50",-8.68%,0.98
MOH,"Molina Healthcare Inc",135.24,159.69,146.11,180.98,166.47,"Below 50",-62.43%,1.11
MOS,"Mosaic Company",24.08,27.88,27.24,30.27,28.56,"Below 50",-37.01%,1.1
MPC,"Marathon Petroleum Corp",232.53,199.64,219.24,184.35,189.45,"Above 50",-4.30%,0.9
MPWR,"Monolithic Power Sys",1076.35,1108.02,1095.93,928.64,990.72,"Below 50",-14.32%,0.82
MRK,"Merck & Company",115.68,115.75,117.73,94.82,99.4,"Below 50",-7.56%,0.83
MRNA,"Moderna Inc",51.28,47.41,53.07,32.59,33.74,"Above 50",-13.89%,0.64
MRSH,"Marsh & Mclennan Companies Inc",173.87,180.06,178.2,193.89,187.9,"Below 50",-29.89%,0.89
MS,"Morgan Stanley",164.32,173.18,162.9,159.92,166.69,"Below 50",-14.72%,1.28
MSCI,"MSCI Inc",551.6,566.19,558.55,563.89,564.59,"Below 50",-11.92%,0.7
MSFT,"Microsoft Corp",383,418.87,398.69,481.16,474.28,"Below 50",-31.05%,0.89
MSI,"Motorola Solutions",456.64,437,468.23,426.66,426.91,"Below 50",-7.23%,0.94
MTB,"M&T Bank Corp",200.66,217.17,208.43,199.25,201.88,"Below 50",-16.04%,0.88
MTCH,"Match Group Inc",31.2,31.15,31.02,33.16,33.2,"Above 50",-20.41%,0.61
MTD,"Mettler-Toledo International",1239.0699,1349.39,1259.24,1321.75,1357.36,"Below 50",-18.76%,0.85
MU,"Micron Technology",404.35,402.15,415.74,233.21,271.81,"New Below 50",-14.21%,1.37
NCLH,"Norwegian Cruise Ord",20.12,22,21.08,22.24,22.32,"Below 50",-25.97%,1.02
NDAQ,"Nasdaq Inc",86.4,89.38,86.51,90.62,90.59,"Below 50",-15.12%,0.64
NDSN,"Nordson Corp",268.48,279.18,277.63,240.06,247.91,"Below 50",-12.05%,0.61
NEE,"Nextera Energy",90.23,89.43,92.24,80.36,82.91,"Below 50",-5.92%,0.91
NEM,"Newmont Mining Corp",98.14,117.8,115.12,88.14,97.26,"New Above 30",-27.24%,1.47
NFLX,"Netflix Inc",93.38,87.23,93.71,108.26,103.32,"Above 50",-30.37%,0.63
NI,"NiSource Inc",45.47,45.27,46.71,42.65,43.29,"Below 50",-5.19%,0.63
NKE,"Nike Inc",52.71,61.26,57.3,66.97,65.68,"Below 30",-34.25%,0.97
NOC,"Northrop Grumman Corp",680,702.03,730.76,599.61,622.28,"Below 50",-12.14%,1.31
NOW,"Servicenow Inc",110.95,116.3,113.29,164.54,154.87,"Below 50",-47.54%,0.7
NRG,"NRG Energy",151.77,158.7,161.67,159.49,160.89,"Below 50",-20.10%,0.52
NSC,"Norfolk Southern Corp",284.95,299.78,300.59,285.08,291.3,"New Above 30",-10.94%,0.71
NTAP,"Netapp Inc",101.3,100.84,100.14,109.02,110.3,"Above 50",-20.02%,0.81
NTRS,"Northern Trust Corp",137.14,144.66,140.04,132.62,135.88,"Below 50",-12.98%,0.76
NUE,"Nucor Corp",160.62,176.01,169.3,152.15,157.81,"New Above 30",-18.42%,1.44
NVDA,"Nvidia Corp",175.64,184.41,182.33,178.6,183.64,"Below 50",-17.23%,0.91
NVR,"NVR Inc",6530.6899,7381.88,6896.84,7578.62,7581.71,"New Above 30",-24.22%,1.39
NWS,"News Corp Cl B",27.46,28.07,26.99,30.88,30.03,"Above 50",-22.82%,2.15
NWSA,"News Corp Cl A",24.26,24.69,24.05,27.12,26.47,"New Above 50",-23.25%,1.23
NXPI,"Nxp Semiconductors",193.39,223.55,207.18,220.51,220.83,"New Above 30",-24.56%,0.87
O,"Realty Income Corp",60.85,63.33,64.83,59.31,59.98,"Below 50",-10.43%,1.06
ODFL,"Old Dominion Freight Line Inc",187.7,188.24,193.39,159.74,159.86,"Below 50",-15.31%,0.94
OKE,"Oneok Inc",89.92,82.13,85.62,76.45,75.21,"Above 50",-13.24%,1.1
OMC,"Omnicom Group Inc",75.64,77.7,81.06,76.07,77.16,"Below 50",-13.22%,1
ON,"On Semiconductor",59.89,63.32,61.93,55.06,55.28,"Below 50",-18.80%,0.72
ORCL,"Oracle Corp",154.34,161.79,152.48,219.96,217.13,"Below 50",-55.36%,0.66
ORLY,"O'Reilly Automotive",88.7,94.43,92.14,96.94,97.8,"New Above 30",-18.41%,1.36
OTIS,"Otis Worldwide Corp",79.04,88.55,86.48,90.22,88.93,"Below 50",-25.40%,0.83
OXY,"Occidental Petroleum Corp",60.31,49.48,55.51,44.97,45.27,"Above 70",-1.73%,1.15
PANW,"Palo Alto Networks Inc",164.05,167.75,160.54,189.38,188.53,"Below 50",-26.64%,0.78
PAYC,"Paycom Software Inc",126.59,133.28,128.5,186.57,171.06,"Below 50",-52.72%,0.44
PAYX,"Paychex Inc",93.5,98.52,93.92,122.1,114.22,"Below 50",-42.01%,1.13
PCAR,"Paccar Inc",114.32,122.23,119.47,105.71,108.85,"New Above 30",-13.31%,0.9
PCG,"Pacific Gas & Electric Company",17.39,17.08,18.35,15.66,16.15,"Below 50",-9.21%,1.67
PEG,"Public Service Enterprise Group Inc",79.82,82.44,83.77,82.47,81.92,"Below 50",-12.53%,0.76
PEP,"Pepsico Inc",150.88,157.79,160.74,146.72,149.85,"Below 50",-12.01%,1.01
PFE,"Pfizer Inc",26.77,26.66,27.02,25.32,25.57,"New Below 50",-4.19%,1.02
PFG,"Principal Financial Group Inc",86.55,91.82,90.51,84.37,86.35,"Below 50",-11.58%,0.75
PG,"Procter & Gamble Company",143.99,153.69,154.89,152.76,151.21,"Below 50",-17.63%,0.88
PGR,"Progressive Corp",205.1,206.4,207.21,230.72,222.95,"Below 50",-29.27%,1.16
PH,"Parker-Hannifin Corp",906.06,955.93,947.59,816.67,854.01,"Below 50",-12.45%,1.23
PHM,Pultegroup,118.64,130.25,126.51,123.3,127.2,"New Above 30",-17.89%,0.79
PKG,"Packaging Corp of America",209.06,225.48,220.97,208.91,212.89,"New Above 30",-16.21%,1.01
PLD,"Prologis Inc",130.31,134.59,135.92,121,125.61,"Below 50",-9.48%,1.18
PLTR,"Palantir Technologies Inc Cl A",160.84,151.25,149.15,163.58,167.95,"Above 50",-22.49%,1.15
PM,"Philip Morris International Inc",163.24,176.5,174.73,166.99,164.36,"Below 50",-14.67%,0.72
PNC,"PNC Bank",203.93,219.41,208.47,200.54,204.5,"Below 50",-16.40%,0.98
PNR,"Pentair Ltd",88.44,98.88,93.19,104.1,104.5,"New Above 30",-22.39%,0.86
PNW,"Pinnacle West Capital Corp",97.57,96.94,100.91,91.5,91.77,"Below 50",-6.16%,0.68
PODD,"Insulet Corp",227.08,251.83,237.06,296.64,295.88,"Below 50",-36.01%,0.65
POOL,"Pool Corp",205.26,239.72,212.9,274.46,264.45,"New Above 30",-40.50%,1.34
PPG,"PPG Industries",102.08,115.23,109.78,108.62,107.39,"New Above 30",-23.50%,1.59
PPL,"PPL Corp",36.9,37.02,38.14,36.04,36.38,"Below 50",-5.59%,0.71
PRU,"Prudential Financial Inc",94.29,103.25,96.34,105.69,105.97,"Below 50",-21.27%,0.96
PSA,"Public Storage",271.32,291.19,296.66,285.93,284.8,"New Above 30",-13.30%,1.06
PSKY,"Paramount Skydance Corporation Cl B",9.14,11,10.64,13.77,14.18,"Below 50",-56.18%,0.51
PSX,"Phillips 66",176.76,155.29,166.07,136.55,140.96,"Above 50",-1.26%,0.81
PTC,"Ptc Inc",149.23,158.47,156.9,183.06,180.98,"Below 50",-32.07%,1.06
PWR,"Quanta Services",567.45,518.41,564.99,436.36,454.37,"Above 50",-2.79%,1.04
PYPL,"Paypal Holdings",45.49,47.65,45.76,62.89,59.67,"Below 50",-42.78%,0.9
Q,"Qnity Electronics Inc",114.92,106.98,115.46,0,0,"New Above 50",-18.26%,0.98
QCOM,"Qualcomm Inc",128.35,144.74,135.96,159.47,160.84,"Below 50",-37.68%,0.87
RCL,"Royal Caribbean Cruises Ltd",278.96,301.45,287.69,303.55,300.83,"Below 50",-23.89%,1.2
REG,"Regency Centers Corp",74.65,75.01,77.7,71.79,72.06,"Below 50",-6.56%,1.06
REGN,"Regeneron Pharmaceuticals",736.53,765.28,763.31,653.03,689.84,"Below 50",-10.30%,0.83
RF,"Regions Financial Corp",25.46,28.16,26.76,26.13,26.76,"Below 50",-19.25%,1.11
RJF,"Raymond James Financial",145.44,159.59,150.04,161.42,162.61,"Below 50",-18.14%,0.79
RL,"Ralph Lauren Corp",339.11,356.94,349.68,325.65,339.48,"Below 50",-12.86%,1.05
RMD,"Resmed Inc",227.97,252.42,243.86,260.05,258.71,"New Above 30",-22.41%,0.9
ROK,"Rockwell Automation Inc",357.83,398.13,377.8,368.04,377.84,"Below 50",-18.44%,0.83
ROL,"Rollins Inc",53.21,60.29,57.09,58.38,58.9,"Below 30",-19.55%,0.79
ROP,"Roper Industries",353.48,364.7,353.59,469.11,440.5,"Below 50",-40.52%,1
ROST,"Ross Stores Inc",213.09,198.71,208.23,164.69,174.37,"Above 50",-1.71%,0.68
RSG,"Republic Services",216.73,220.44,225.52,225.49,219.98,"Below 50",-16.24%,1.44
RTX,"Rtx Corp",194.82,200.76,203.68,172.32,180.02,"Below 50",-9.17%,0.73
RVTY,"Revvity Inc",87.16,100.25,91.52,95.48,95.77,"Below 50",-26.32%,0.81
SBAC,"SBA Communications",171.98,189.83,190.71,202.75,193.91,"Below 30",-29.85%,0.93
SBUX,"Starbucks Corp",93.83,95.93,97.52,89.61,88.61,"Below 50",-10.48%,0.89
SCHW,"The Charles Schwab Corp",95.3,98.12,94.4,95.38,96.18,"New Above 50",-11.35%,0.94
SHW,"Sherwin-Williams Company",313.95,348.38,333.52,344.72,344.07,"New Above 30",-17.31%,1.13
SJM,"J.M. Smucker Company",98.38,106.66,107.83,105.3,105.48,"Below 50",-18.53%,0.53
SLB,"Slb Limited",49.25,48.7,48.06,38.93,40.39,"New Above 50",-6.10%,1.26
SMCI,"Super Micro Computer",21.58,30.89,30.6,40.68,37.99,"Below 30",-65.39%,2.85
SNA,"Snap-On Inc",362.55,373.06,374.05,342.92,350.6,"Below 50",-7.07%,0.95
SNDK,"Sandisk Corp",702.49,581.27,646.99,239.77,305.1,"Above 50",-9.66%,1.18
SNPS,"Synopsys Inc",432.48,453.41,429.43,490.44,467.95,"Below 50",-33.64%,1.04
SO,"Southern Company",93.75,92.69,96.74,92.06,91.93,"Below 50",-7.03%,0.89
SOLV,"Solventum Corporation",65.69,74.66,69.61,75.02,75.35,"Below 50",-25.52%,1.24
SPG,"Simon Property Group",181.49,192.4,194.34,179.63,185.07,"Below 50",-11.52%,1.49
SPGI,"S&P Global Inc",428.87,463.48,433.74,502.46,493.33,"Below 50",-25.94%,0.82
SRE,Sempra,93.46,91.34,94.39,86.48,89.44,"New Above 50",-4.09%,0.9
STE,"Steris Corp",221,246.13,231.06,245.33,248.89,"Below 50",-17.98%,1.21
STLD,"Steel Dynamics Inc",166.64,184.09,182.04,154.27,162.45,"Below 50",-20.07%,1.52
STT,"State Street Corp",123.23,127.77,124.59,117.8,121.52,"Below 50",-10.08%,0.77
STX,"Seagate Technology Hldgs Plc",404.02,388.47,392.32,253.55,290.02,"Above 50",-12.14%,1.06
STZ,"Constellation Brands Inc",152.46,156.03,152.13,151.44,145.64,"Below 50",-22.57%,1.02
SW,"Smurfit Westrock Plc",38.7,43.8,42.32,42.3,41.44,"New Above 30",-26.50%,1.28
SWK,"Stanley Black & Decker Inc",69.91,81.68,76.54,74.04,75.57,"New Above 30",-25.13%,1.31
SWKS,"Skyworks Solutions",54.49,58.14,56.2,68.5,67.04,"Below 50",-40.06%,0.96
SYF,"Synchrony Financial",66.55,72,67.35,73.11,74.94,"Below 50",-25.03%,0.99
SYK,"Stryker Corp",332.59,362.63,361.21,372.42,367.61,"Below 50",-17.85%,1.14
SYY,"Sysco Corp",81.6,84.15,85.81,79.16,79.68,"Below 50",-11.15%,0.99
T,"AT&T Inc",28.76,26.69,28.01,26.86,26.51,"Above 50",-3.46%,1.02
TAP,"Molson Coors Brewing Company",41.94,48.21,45.43,48,47.36,"New Above 30",-33.95%,0.89
TDG,"Transdigm Group Inc",1152.97,1323.72,1260.05,1365.74,1320.2,"Below 30",-29.00%,1.23
TDY,"Teledyne Technologies Inc",623.8,635.38,656.43,558.19,568.7,"Below 50",-10.03%,0.78
TECH,"Bio-Techne Corp",52,60.62,54.21,57.63,59.3,"Below 50",-27.94%,0.66
TEL,"Te Connectivity Ltd",200.79,221.57,210.11,213.37,223.68,"Below 50",-19.90%,0.86
TER,"Teradyne Inc",303.92,282.11,305.28,173.28,199.39,"New Above 50",-11.89%,1.2
TFC,"Truist Financial Corp",44.86,49.81,46.85,46.34,47.38,"Below 50",-20.17%,1.03
TGT,"Target Corp",114.93,113.03,117,100.1,99.61,"Below 50",-8.79%,0.91
TJX,"TJX Companies",156.5,155.58,157.63,143.18,148.89,"New Above 50",-3.80%,0.9
TKO,"Tko Group Holdings Inc Cl A",194.28,205.81,206.43,191.75,198.45,"Below 50",-14.39%,0.84
TMO,"Thermo Fisher Scientific Inc",478.12,542.84,494.84,515.28,542.26,"Below 50",-25.76%,0.9
TMUS,"T-Mobile US",208.76,205.32,215.37,221.3,216.35,"Below 50",-23.42%,0.97
TPL,"Texas Pacific Land Trust",527.87,433.99,526.48,345.03,347.88,"Above 50",-3.53%,0.7
TPR,"Tapestry Inc",144.42,142.85,148.31,116.13,122.67,"Below 50",-10.84%,0.83
TRGP,"Targa Resources",239.92,216.76,237.23,180.3,184.3,"Above 50",-4.03%,0.87
TRMB,"Trimble Navigation",66.83,69.06,67.76,77.06,76.43,"Below 50",-23.62%,1.09
TROW,"T Rowe Price Group",87.98,96.78,90.7,101.54,101.77,"New Above 30",-25.58%,0.85
TRV,"The Travelers Companies Inc",295.52,294.01,304.02,278.95,284.36,"Below 50",-5.62%,0.86
TSCO,"Tractor Supply Company",45.67,51.68,49.45,54.68,54.26,"Below 50",-28.63%,0.97
TSLA,"Tesla Inc",380.85,414.19,397.53,394.63,419.73,"Below 50",-23.65%,1.23
TSN,"Tyson Foods",59.7,62.52,61.66,56.98,57.64,"Below 50",-10.10%,0.94
TT,"Trane Technologies Plc",424.94,429.39,436.47,422.3,417.96,"Below 50",-11.35%,0.8
TTD,"Trade Desk Inc",23.95,28.71,25.8,48.59,40.06,"Below 50",-73.81%,0.58
TTWO,"Take-Two Interactive",200.84,216.7,209.07,236.23,237.19,"Below 50",-24.15%,0.93
TXN,"Texas Instruments",188.63,205.47,198.74,190.37,186.97,"Below 50",-18.45%,1.08
TXT,"Textron Inc",89.03,94.36,94.21,85.26,87.02,"Below 50",-12.35%,1
TYL,"Tyler Technologies",349.09,369.17,352.64,484.86,454.29,"Below 50",-43.82%,0.64
UAL,"United Airlines Holdings Inc",93.96,105.39,97.27,99,103.52,"Below 50",-21.18%,1.12
UBER,"Uber Technologies Inc",75.12,76.9,74.74,87.49,86.64,"Below 50",-26.35%,0.72
UDR,"United Dominion Realty Trust",34.26,37.06,36.51,37.54,36.65,"Below 30",-24.80%,1.33
UHS,"Universal Health Services",188.09,206.87,197.91,200.41,209.42,"Below 50",-23.64%,0.89
ULTA,"Ulta Beauty Inc",516.11,649.59,615.08,557.9,581.21,"Below 30",-27.81%,1.07
UNH,"Unitedhealth Group Inc",269.54,296.96,284.21,314.08,322.55,"Below 50",-55.55%,1.13
UNP,"Union Pacific Corp",238.37,246.87,252.26,231.79,233.47,"New Above 30",-11.10%,0.8
UPS,"United Parcel Service",97.67,108.78,104.26,97.22,97.27,"New Above 30",-20.21%,0.96
URI,"United Rentals",732.05,847.97,791.59,857.97,877.36,"New Above 30",-28.33%,0.86
USB,"U.S. Bancorp",51.52,55.33,52.96,49.85,51.33,"Below 50",-15.80%,1.1
V,"Visa Inc",304.44,320.75,311.62,339.06,335.11,"Below 50",-18.93%,1.03
VICI,"Vici Properties Inc",27.05,28.88,29.09,30.72,30.02,"Below 30",-20.46%,1.05
VLO,"Valero Energy Corp",237.39,204,223.75,168.89,178.77,"New Below 70",-4.17%,0.82
VLTO,"Veralto Corporation",88.5,95.57,92.84,100.94,100.39,"Below 50",-19.63%,1.54
VMC,"Vulcan Materials Company",263.75,297.27,280.87,288.68,294.96,"New Above 30",-20.34%,0.88
VRSK,"Verisk Analytics Inc",199.85,203,205,242.72,225.06,"Below 50",-38.11%,0.76
VRSN,"Verisign Inc",240.92,236.24,235,258.95,251.74,"Above 50",-22.43%,0.72
VRTX,"Vertex Pharmaceutic",451.23,468.81,472.32,438.54,436.43,"Below 50",-12.21%,0.79
VST,"Vistra Energy Corp",151.29,163.21,164.08,181.77,178.59,"Below 50",-31.18%,1.07
VTR,"Ventas Inc",81.85,82.39,85.95,73.51,76.3,"Below 50",-7.37%,0.94
VTRS,"Viatris Inc",13.29,14.23,14.35,11.19,11.86,"Below 50",-19.31%,0.82
VZ,"Verizon Communications Inc",50.58,46.45,50.37,43.09,43.21,"Above 50",-2.10%,0.95
WAB,"Wabtec Corp",241.68,243.74,249.14,212.65,216.01,"Below 50",-9.23%,0.89
WAT,"Waters Corp",301.81,342.23,304.98,339.23,345.8,"Below 50",-27.13%,0.78
WBD,"Discovery Inc Series A",27.4,28.04,27.92,20.45,23.39,"Below 50",-8.67%,0.99
WDAY,"Workday Inc",137.06,157.38,137.92,211.98,204.26,"Below 50",-50.34%,0.67
WDC,"Western Digital Corp",294.79,265.47,277.5,150.96,179.14,"Above 50",-7.77%,0.97
WEC,"Wisconsin Energy Corp",112.05,112.8,115.65,109.85,110.92,"Below 50",-5.47%,0.79
WELL,"Welltower Inc",195,198.96,206.59,179.71,186.98,"Below 50",-9.90%,1.05
WFC,"Wells Fargo & Company",78.28,85.78,79.72,84.03,85.68,"Below 50",-19.93%,0.76
WM,"Waste Management",227.53,231.29,237.51,223.38,221.07,"Below 50",-8.30%,0.85
WMB,"Williams Companies",73.6,69.58,74.13,62.17,63.2,"New Above 50",-4.25%,0.97
WMT,"Walmart Inc",120.72,123.71,124.67,108.17,111.67,"Below 50",-10.37%,1.02
WRB,"W.R. Berkley Corp",65.55,69.21,69.29,71.62,71.9,"Below 50",-16.98%,1.08
WSM,Williams-Sonoma,183.72,202.71,191.38,190.09,194.93,"Below 50",-17.24%,1.11
WST,"West Pharmaceutical Services",241.4,246.16,243.12,252.59,260.09,"Below 50",-25.11%,0.98
WTW,"Willis Towers Watson Public Ltd",293.43,306.44,295.37,318.9,322.04,"Below 50",-16.82%,0.71
WY,"Weyerhaeuser Company",23.16,25.43,23.99,24.79,24.37,"New Above 30",-22.95%,0.9
WYNN,"Wynn Resorts Ltd",101.13,109.56,103.23,114.4,118.6,"Below 50",-24.93%,0.76
XEL,"XCEL Energy Inc",76.95,78.89,81.66,75.72,77.63,"Below 50",-8.64%,1.24
XOM,"Exxon Mobil Corp",161.13,145.71,153.48,121.46,125.34,"Above 50",-0.81%,1.06
XYL,"Xylem Inc",119.94,131.73,124.23,137.62,139.25,"Below 50",-22.25%,1.31
XYZ,"Block Inc",61.17,60.23,61,68.29,67.52,"New Above 50",-25.85%,0.59
YUM,"Yum! Brands",158.54,159.32,160.82,150.33,151.94,"Below 50",-6.41%,0.94
ZBH,"Zimmer Biomet Holdings",87.8,92.05,94.24,95.22,95.5,"Below 50",-23.28%,0.86
ZBRA,"Zebra Technologies",205.87,236.71,217.34,278.51,266.05,"Below 50",-41.62%,0.73
ZTS,"Zoetis Inc Cl A",115.23,124.18,122.04,138.08,132.3,"Below 50",-33.10%,1.05
"Downloaded from Barchart.com as of 03-24-2026 12:14am CDT"
